2_code_commune_n,2_Nb_stations_carburants
1004,4
1005,2
1014,2
1022,1
1024,1
1025,1
1027,1
1033,2
1034,2
1043,1
1049,2
1053,8
1061,1
1064,1
1067,2
1072,3
1074,2
1089,2
1093,3
1098,1
1108,1
1115,1
1138,2
1142,2
1143,1
1148,1
1159,1
1160,3
1173,3
1185,1
1194,1
1196,1
1202,1
1203,1
1204,1
1224,1
1228,1
1229,1
1238,1
1243,1
1244,2
1248,2
1249,2
1258,1
1262,1
1265,1
1266,1
1267,1
1269,1
1273,1
1283,4
1288,1
1289,3
1301,1
1304,2
1307,1
1320,1
1331,2
1333,3
1337,1
1344,2
1348,1
1349,1
1350,2
1354,2
1363,3
1371,4
1374,1
1378,1
1384,1
1385,1
1388,1
1390,1
1398,2
1399,1
1405,1
1407,1
1419,2
1421,1
1422,1
1427,1
1443,1
1446,2
1451,3
1452,1
1457,3
2018,1
2041,1
2043,2
2059,1
2064,1
2065,1
2088,3
2093,1
2095,1
2110,1
2122,1
2128,1
2135,1
2141,1
2142,10
2157,1
2159,1
2165,2
2168,5
2173,1
2198,2
2212,1
2236,1
2237,1
2238,1
2243,1
2264,1
2273,2
2277,1
2287,1
2295,1
2303,1
2305,2
2307,2
2316,1
2321,1
2332,2
2334,1
2340,1
2356,1
2360,3
2361,3
2371,1
2381,3
2397,2
2399,1
2408,7
2433,1
2444,1
2468,3
2477,2
2498,1
2505,1
2530,3
2543,1
2548,2
2549,1
2558,1
2573,3
2575,1
2580,1
2602,1
2643,2
2647,1
2648,1
2659,1
2666,1
2671,1
2676,1
2678,2
2682,2
2684,1
2691,8
2722,4
2738,1
2758,2
2770,1
2780,1
2789,2
2810,7
2820,1
3003,1
3013,2
3015,2
3023,2
3036,1
3042,1
3043,1
3048,1
3055,1
3060,1
3061,2
3069,1
3082,3
3084,1
3095,3
3098,2
3099,2
3101,4
3102,3
3103,1
3104,2
3107,1
3118,6
3128,1
3138,5
3155,1
3157,1
3160,1
3162,2
3165,1
3185,7
3186,2
3190,3
3191,3
3194,1
3195,1
3208,1
3232,1
3236,1
3242,1
3254,4
3257,1
3262,2
3264,1
3267,1
3275,1
3286,2
3297,3
3298,5
3310,3
3321,4
4006,1
4007,1
4008,1
4013,2
4019,5
4020,1
4022,1
4024,2
4028,1
4034,1
4039,2
4045,1
4049,5
4070,3
4076,2
4088,2
4092,6
4094,1
4110,1
4111,1
4112,7
4116,1
4135,1
4143,4
4144,1
4145,1
4166,2
4170,2
4173,2
4181,1
4209,4
4230,3
4240,1
4241,3
4242,2
4245,2
5006,1
5012,3
5017,1
5023,3
5029,1
5038,1
5040,3
5046,2
5052,1
5053,1
5054,1
5056,1
5061,7
5065,2
5070,3
5076,1
5079,1
5085,1
5104,2
5115,2
5124,2
5127,3
5130,1
5132,1
5151,1
5156,6
5161,3
5164,1
5166,2
5169,2
5170,3
5177,2
5179,3
5184,7
6004,14
6011,1
6012,3
6018,1
6020,1
6023,2
6027,14
6029,13
6030,6
6031,1
6032,2
6033,1
6044,1
6046,4
6054,1
6059,1
6064,2
6065,4
6068,9
6069,10
6073,1
6075,3
6077,1
6079,2
6083,4
6084,1
6085,5
6088,33
6089,2
6090,1
6095,2
6099,2
6104,5
6105,2
6108,2
6112,1
6118,1
6120,2
6122,1
6123,6
6124,2
6127,1
6130,1
6134,1
6140,2
6150,2
6152,3
6155,4
6157,2
6159,2
6161,2
6163,1
7008,1
7010,4
7019,4
7025,1
7029,1
7042,1
7050,1
7051,2
7055,1
7059,1
7064,2
7070,2
7071,1
7078,5
7088,1
7089,1
7098,9
7101,1
7102,1
7110,1
7117,1
7127,2
7129,1
7132,1
7138,1
7142,2
7162,1
7181,2
7182,2
7183,1
7186,1
7191,1
7195,2
7199,2
7201,1
7229,1
7231,1
7235,1
7236,1
7240,1
7241,3
7245,1
7247,1
7259,1
7281,1
7288,10
7289,1
7290,1
7295,2
7301,2
7304,1
7309,1
7316,1
7319,2
7324,4
7330,1
7334,1
7336,4
7338,1
7339,1
7340,1
7341,2
7343,1
7346,1
7348,3
7349,3
8008,1
8024,2
8025,2
8043,1
8053,1
8067,1
8081,1
8087,1
8090,1
8095,3
8105,6
8107,1
8125,1
8142,1
8164,4
8167,1
8185,2
8190,2
8193,1
8218,1
8226,1
8239,1
8282,1
8283,2
8302,2
8311,1
8328,1
8341,1
8361,1
8362,2
8363,1
8365,1
8367,1
8377,1
8381,2
8389,4
8402,1
8403,1
8409,5
8439,1
8480,1
8486,1
8490,3
8491,1
9020,1
9021,1
9037,1
9042,2
9047,2
9058,1
9061,2
9063,1
9066,1
9067,1
9074,1
9097,1
9122,6
9124,2
9157,2
9160,2
9167,1
9185,1
9194,3
9223,1
9225,5
9228,2
9232,2
9261,2
9265,1
9268,3
9273,1
9282,1
9283,1
9306,2
9324,1
9328,4
9332,1
9334,1
9335,2
10003,1
10006,3
10017,1
10018,3
10030,2
10033,4
10034,2
10064,3
10067,1
10075,1
10080,2
10081,1
10084,1
10140,1
10141,1
10142,1
10150,1
10158,2
10162,2
10193,1
10196,1
10198,1
10209,4
10216,2
10224,1
10233,1
10261,2
10268,3
10269,3
10294,2
10297,2
10317,1
10323,4
10325,2
10333,3
10334,1
10340,3
10343,4
10349,1
10357,2
10362,4
10364,1
10387,5
10399,1
10401,1
10420,2
11009,1
11012,1
11015,2
11017,1
11018,2
11021,1
11049,1
11068,6
11069,12
11076,6
11106,1
11129,1
11145,2
11153,1
11170,2
11172,1
11176,2
11188,4
11190,1
11199,1
11202,2
11203,5
11206,4
11220,75
11254,1
11260,1
11262,13
11266,1
11286,2
11304,4
11322,1
11325,1
11340,1
11351,1
11353,1
11367,1
11369,2
11370,3
11377,2
11379,1
11397,2
11424,2
11426,1
11429,1
11433,1
11434,5
12010,2
12026,1
12032,2
12033,2
12044,1
12047,1
12049,1
12052,1
12056,2
12057,1
12063,1
12083,1
12084,1
12089,3
12094,1
12096,3
12101,1
12105,2
12119,1
12120,1
12121,2
12133,2
12138,1
12145,6
12148,1
12150,2
12161,1
12164,2
12168,1
12169,3
12174,1
12176,3
12183,1
12185,2
12195,1
12197,2
12198,3
12199,1
12202,11
12208,4
12215,1
12223,1
12224,2
12226,1
12233,1
12237,1
12238,1
12242,1
12243,1
12244,1
12247,1
12270,6
12286,1
12288,1
12299,1
12300,6
12301,3
12305,2
13001,15
13002,1
13004,9
13005,8
13007,1
13010,1
13014,3
13015,8
13018,2
13019,2
13021,3
13022,1
13024,1
13026,2
13027,4
13028,10
13030,3
13031,3
13032,2
13035,2
13036,2
13037,2
13038,1
13039,7
13040,4
13041,8
13042,1
13043,3
13044,1
13046,1
13047,5
13050,3
13051,6
13052,1
13053,3
13054,6
13056,6
13059,2
13060,2
13062,1
13063,4
13065,1
13066,1
13067,2
13068,1
13069,2
13071,8
13073,4
13074,1
13075,1
13076,3
13077,4
13078,3
13080,1
13081,3
13083,2
13084,1
13086,1
13087,3
13088,2
13091,1
13096,3
13097,2
13098,6
13099,1
13100,3
13102,1
13103,8
13105,5
13106,1
13108,3
13110,2
13112,2
13113,2
13114,2
13116,1
13117,7
13119,1
14012,1
14020,1
14022,1
14024,1
14027,2
14047,4
14066,1
14068,1
14076,1
14098,1
14100,1
14101,1
14117,1
14118,8
14119,1
14143,1
14147,2
14166,1
14167,1
14174,3
14181,2
14191,2
14200,1
14207,2
14225,3
14228,2
14229,1
14243,1
14257,1
14258,4
14271,1
14301,3
14312,1
14325,1
14327,5
14333,2
14341,4
14342,2
14344,2
14365,1
14366,4
14370,1
14371,3
14378,1
14383,1
14407,1
14431,1
14437,3
14478,2
14487,1
14488,1
14503,1
14504,1
14510,1
14513,1
14514,4
14515,1
14516,2
14543,3
14546,1
14558,1
14566,1
14571,1
14574,2
14578,1
14591,1
14597,1
14623,2
14629,1
14635,2
14652,4
14654,2
14656,1
14658,2
14663,2
14675,1
14689,2
14692,1
14699,2
14701,2
14711,1
14712,1
14726,1
14728,1
14738,1
14752,4
14762,7
15014,13
15045,2
15054,2
15059,1
15083,2
15090,1
15114,1
15119,3
15120,2
15122,1
15138,3
15152,1
15153,2
15162,3
15168,1
15175,1
15184,1
15186,1
15187,8
15188,2
15190,1
15196,1
15204,2
15217,2
15236,1
15244,6
15258,3
15265,1
15268,1
16005,2
16015,5
16016,1
16025,1
16028,4
16046,1
16051,4
16061,1
16070,2
16073,1
16076,1
16078,3
16085,2
16089,1
16090,2
16101,1
16102,5
16106,2
16113,2
16125,1
16138,1
16154,1
16166,1
16167,4
16185,1
16187,1
16192,2
16206,3
16213,1
16216,10
16223,1
16230,1
16239,1
16276,1
16280,1
16281,4
16282,2
16286,1
16291,1
16292,3
16295,1
16302,1
16321,1
16357,5
16358,1
16366,1
16374,1
16392,11
16393,2
16408,1
16410,2
17003,2
17009,1
17010,3
17016,1
17019,1
17021,2
17024,1
17028,2
17038,4
17047,1
17048,1
17051,2
17060,1
17064,2
17072,1
17083,2
17086,1
17093,1
17104,1
17115,2
17120,1
17131,1
17140,1
17142,2
17146,1
17157,2
17158,2
17161,1
17166,5
17168,1
17172,1
17179,1
17183,1
17192,1
17194,1
17197,2
17200,1
17218,2
17219,3
17224,2
17225,1
17227,1
17228,1
17229,6
17230,1
17231,1
17236,1
17240,3
17241,1
17264,2
17276,1
17283,1
17284,1
17291,3
17299,4
17300,5
17306,6
17309,1
17331,1
17333,1
17346,1
17347,4
17356,1
17359,2
17360,1
17369,2
17377,5
17380,1
17385,3
17387,1
17391,1
17397,2
17409,1
17414,2
17415,8
17420,1
17421,2
17425,1
17429,1
17434,4
17449,2
17452,1
17461,3
17474,1
18001,1
18003,1
18011,1
18015,2
18018,1
18023,2
18026,1
18031,1
18032,1
18033,11
18050,1
18054,2
18057,1
18058,1
18060,5
18066,3
18069,2
18071,3
18087,2
18090,1
18091,1
18103,1
18108,1
18109,1
18138,2
18141,3
18160,1
18165,1
18172,1
18194,2
18197,4
18198,3
18205,2
18207,2
18213,2
18223,1
18224,2
18225,3
18233,1
18236,1
18240,1
18241,2
18242,2
18279,10
19005,1
19007,1
19010,2
19011,1
19020,1
19023,1
19028,1
19031,9
19033,1
19035,1
19063,1
19072,1
19073,3
19080,1
19081,1
19082,1
19084,5
19085,1
19101,1
19121,2
19123,1
19129,1
19134,1
19136,3
19138,1
19146,1
19147,1
19148,2
19153,3
19163,1
19182,1
19195,3
19203,1
19221,1
19227,1
19229,1
19234,1
19235,1
19238,1
19253,1
19255,1
19261,1
19269,1
19272,4
19274,1
19275,6
19276,4
19278,1
19287,2
21004,1
21005,1
21018,1
21021,1
21023,4
21038,4
21054,7
21086,1
21087,3
21110,1
21111,1
21123,2
21132,1
21144,1
21146,2
21147,1
21152,2
21154,4
21166,3
21169,1
21171,3
21194,1
21196,1
21210,1
21212,1
21231,16
21244,1
21247,1
21273,1
21277,1
21278,3
21284,2
21291,2
21292,3
21295,3
21297,1
21298,1
21301,2
21317,3
21336,1
21347,1
21349,1
21355,2
21357,1
21361,2
21362,4
21389,2
21390,3
21405,2
21407,1
21416,2
21425,3
21458,1
21461,2
21464,3
21481,1
21495,4
21496,1
21501,4
21505,1
21515,3
21525,1
21531,1
21540,1
21541,1
21555,1
21561,1
21568,1
21571,6
21577,1
21584,3
21599,1
21603,3
21605,1
21607,3
21611,2
21617,2
21638,2
21642,1
21661,1
21663,2
21710,1
22004,1
22007,1
22013,1
22020,2
22025,2
22032,1
22044,1
22047,3
22050,2
22054,1
22055,1
22056,1
22057,2
22070,4
22081,1
22084,1
22093,5
22095,2
22106,1
22107,1
22113,7
22118,4
22121,1
22135,3
22136,7
22143,1
22147,2
22152,1
22158,1
22162,5
22166,1
22168,1
22171,2
22172,1
22176,1
22178,1
22179,1
22180,1
22183,1
22185,1
22186,1
22187,1
22188,1
22193,1
22194,1
22195,1
22203,1
22206,2
22207,1
22208,1
22209,2
22211,1
22213,1
22214,1
22215,1
22219,1
22220,1
22222,1
22225,2
22228,1
22237,1
22242,1
22250,1
22251,1
22258,1
22259,1
22262,2
22266,1
22267,1
22272,1
22273,2
22277,1
22278,5
22282,1
22305,1
22307,1
22321,2
22324,1
22325,1
22339,1
22343,1
22353,1
22360,1
22362,1
22370,1
22372,1
22375,1
22384,2
22389,2
23001,1
23008,2
23013,1
23021,1
23025,1
23030,2
23031,2
23045,1
23061,2
23075,1
23076,1
23079,1
23093,1
23095,1
23096,6
23149,1
23168,1
23176,5
23180,2
23209,1
23210,1
23219,1
23231,1
23234,10
23245,1
23247,1
24002,1
24028,1
24030,1
24037,12
24043,1
24053,3
24064,3
24067,1
24068,2
24091,1
24095,1
24102,1
24133,1
24138,1
24145,2
24164,1
24167,1
24168,1
24172,1
24179,1
24205,1
24207,1
24210,1
24222,1
24223,2
24227,2
24232,4
24256,2
24289,1
24291,1
24294,1
24308,1
24309,2
24311,2
24312,1
24322,4
24328,1
24335,2
24340,2
24352,2
24354,1
24355,1
24356,1
24357,1
24372,2
24376,3
24396,3
24416,1
24439,3
24448,1
24451,1
24462,3
24479,1
24484,1
24493,2
24494,1
24499,6
24508,2
24516,1
24520,5
24521,1
24526,1
24529,1
24534,1
24538,1
24547,3
24550,2
24551,3
24553,1
24554,1
24557,3
24559,1
24568,1
24571,1
24579,1
24582,1
24585,1
25008,1
25015,1
25021,1
25022,1
25031,2
25032,1
25043,1
25047,4
25048,2
25056,12
25057,1
25058,5
25063,1
25112,2
25115,1
25147,1
25156,1
25184,1
25190,1
25191,1
25194,2
25200,1
25204,1
25212,2
25214,2
25230,2
25250,1
25254,1
25259,1
25271,2
25307,1
25309,1
25315,1
25321,1
25330,1
25334,1
25356,2
25364,1
25367,1
25368,4
25370,1
25389,4
25395,1
25397,1
25411,4
25413,1
25432,1
25434,2
25453,2
25454,1
25462,5
25463,2
25466,1
25467,1
25475,1
25495,1
25512,3
25519,1
25527,3
25529,2
25530,1
25532,2
25539,1
25547,1
25578,3
25580,1
25601,1
25627,1
25632,2
26002,1
26004,3
26005,2
26010,1
26011,1
26034,3
26037,1
26043,1
26045,1
26057,2
26058,4
26063,2
26064,2
26084,2
26085,2
26088,2
26095,2
26097,2
26108,5
26113,2
26114,1
26116,3
26124,1
26129,1
26144,1
26146,1
26148,1
26157,1
26163,1
26165,2
26166,1
26167,1
26168,1
26169,1
26184,2
26191,4
26197,1
26198,7
26206,1
26218,1
26220,3
26231,1
26235,1
26250,3
26252,4
26258,1
26281,4
26289,1
26293,1
26301,2
26307,1
26311,1
26313,2
26323,1
26324,1
26325,3
26330,1
26333,6
26337,4
26345,1
26347,4
26353,1
26357,2
26362,11
26369,1
27011,1
27016,3
27017,1
27022,1
27051,1
27056,2
27065,5
27082,1
27090,1
27091,4
27103,2
27105,1
27107,1
27112,4
27116,2
27131,1
27151,1
27165,3
27170,1
27196,1
27198,1
27210,1
27218,1
27225,1
27226,4
27229,6
27246,1
27248,2
27265,2
27275,2
27279,1
27284,3
27297,3
27299,1
27306,1
27322,1
27348,3
27351,1
27355,1
27367,1
27375,3
27378,1
27398,1
27428,2
27429,1
27438,1
27439,1
27445,1
27448,2
27453,1
27467,4
27489,2
27493,1
27500,1
27501,1
27502,2
27507,1
27510,1
27554,1
27562,4
27582,2
27587,1
27593,1
27606,1
27629,3
27669,1
27679,4
27681,4
27689,2
27697,2
27701,1
28001,2
28004,4
28006,6
28007,1
28012,1
28015,2
28018,1
28021,1
28024,1
28027,1
28051,1
28059,1
28061,3
28067,2
28069,2
28070,1
28080,1
28085,6
28088,2
28090,1
28098,1
28103,1
28116,1
28118,2
28123,1
28134,3
28154,1
28161,1
28164,2
28168,1
28173,2
28185,3
28191,1
28196,1
28199,2
28213,1
28214,3
28220,1
28226,1
28227,1
28229,1
28236,1
28267,9
28269,1
28274,2
28279,1
28280,4
28298,1
28317,2
28321,1
28334,1
28337,1
28348,1
28364,1
28371,1
28373,1
28386,1
28387,1
28391,1
28404,4
28405,2
28407,1
28411,1
28422,2
29003,1
29004,1
29006,1
29019,11
29020,1
29022,1
29023,1
29024,3
29025,1
29026,2
29027,3
29030,1
29031,1
29037,1
29039,3
29042,4
29043,2
29046,3
29051,2
29052,1
29053,1
29055,1
29058,3
29061,1
29067,1
29069,1
29072,3
29075,1
29081,1
29091,1
29103,3
29105,4
29108,1
29113,1
29117,3
29120,1
29124,1
29130,1
29135,1
29146,1
29147,1
29150,2
29151,2
29153,1
29158,1
29160,2
29162,1
29163,1
29165,1
29169,1
29170,1
29171,2
29172,1
29173,1
29174,2
29177,1
29178,2
29179,2
29184,1
29185,2
29188,1
29189,2
29190,1
29191,1
29195,2
29197,2
29199,3
29207,1
29210,2
29212,2
29213,1
29215,1
29216,1
29217,1
29218,2
29220,4
29228,1
29232,9
29233,2
29235,1
29236,2
29239,1
29241,2
29247,1
29254,2
29259,2
29260,2
29262,6
29268,1
29272,1
29274,1
29277,1
29278,1
29293,1
29302,2
30003,2
30006,3
30007,14
30010,5
30011,1
30012,2
30023,1
30026,1
30028,3
30029,1
30032,5
30033,1
30034,2
30036,1
30037,2
30039,1
30047,2
30053,1
30060,2
30061,1
30062,2
30075,1
30096,1
30116,2
30117,1
30127,1
30128,1
30132,1
30133,3
30139,1
30141,1
30146,2
30151,1
30152,3
30155,1
30156,5
30165,1
30167,1
30169,1
30174,1
30177,2
30178,1
30179,1
30189,21
30191,1
30196,1
30200,1
30202,6
30210,2
30211,1
30212,4
30217,1
30221,2
30227,3
30249,1
30255,1
30258,6
30263,1
30276,1
30278,1
30286,1
30288,6
30294,2
30302,1
30307,1
30318,1
30321,1
30326,2
30334,4
30341,3
30344,1
30348,1
30350,2
30351,3
30352,1
30354,1
31022,3
31028,1
31032,1
31033,4
31037,3
31042,1
31044,5
31051,2
31055,1
31056,1
31057,1
31066,1
31069,4
31079,2
31080,3
31088,1
31091,3
31094,1
31098,1
31104,2
31106,1
31107,2
31113,1
31116,1
31118,6
31135,2
31144,3
31147,1
31149,3
31150,1
31157,2
31161,4
31165,1
31175,3
31182,1
31184,1
31186,2
31187,3
31188,1
31193,1
31202,1
31203,1
31205,1
31212,1
31224,1
31230,1
31232,3
31239,2
31248,2
31254,2
31271,1
31282,1
31285,1
31286,1
31287,1
31290,1
31291,1
31297,1
31299,1
31303,1
31310,2
31315,1
31324,1
31333,2
31341,2
31343,1
31351,1
31375,1
31381,2
31389,1
31390,3
31394,1
31395,4
31396,2
31399,1
31410,1
31416,1
31417,1
31420,1
31421,1
31424,1
31429,1
31433,5
31446,3
31451,5
31454,1
31455,1
31458,1
31462,1
31467,2
31483,3
31488,1
31490,3
31499,3
31503,1
31506,2
31507,1
31516,6
31517,1
31526,1
31547,1
31555,38
31557,4
31561,2
31572,1
31573,3
31574,1
31576,1
31582,4
31584,1
31588,1
32013,6
32019,4
32035,5
32037,1
32041,2
32056,1
32072,1
32096,2
32107,3
32115,1
32119,3
32132,5
32140,1
32147,3
32154,1
32155,1
32160,3
32208,2
32213,1
32221,1
32233,2
32238,1
32242,1
32249,2
32253,1
32256,3
32258,3
32290,1
32296,2
32307,1
32319,1
32329,1
32331,1
32344,2
32347,1
32351,1
32370,1
32377,1
32383,3
32385,2
32393,3
32410,3
32426,1
32449,1
32459,1
32462,2
32464,1
33002,1
33003,2
33005,2
33009,2
33010,1
33011,1
33012,1
33013,2
33015,1
33019,1
33022,1
33029,1
33032,2
33036,3
33037,1
33039,4
33040,2
33042,2
33049,1
33051,1
33056,1
33058,1
33063,13
33065,1
33067,1
33069,3
33075,4
33080,2
33081,1
33082,1
33085,1
33095,1
33096,2
33097,1
33104,3
33108,1
33114,1
33119,1
33120,1
33122,4
33138,2
33140,1
33143,1
33159,1
33161,1
33162,2
33165,1
33179,1
33185,1
33187,1
33191,2
33192,7
33194,1
33195,1
33199,2
33200,1
33203,2
33207,1
33213,1
33214,4
33219,3
33226,1
33227,6
33229,1
33231,1
33233,2
33234,1
33236,2
33238,2
33240,4
33243,6
33249,4
33262,1
33273,1
33278,2
33279,1
33281,6
33284,2
33289,2
33292,1
33293,1
33307,1
33312,1
33314,3
33316,1
33318,5
33322,2
33324,3
33327,3
33333,1
33334,1
33336,1
33341,1
33344,1
33351,1
33352,2
33364,1
33365,1
33366,3
33389,1
33393,1
33394,1
33397,1
33413,1
33417,1
33420,1
33422,2
33424,1
33433,3
33434,1
33437,1
33438,1
33449,2
33452,1
33458,1
33463,1
33471,6
33473,2
33478,1
33483,1
33484,1
33487,1
33496,1
33498,1
33501,1
33502,3
33506,1
33514,1
33519,2
33522,5
33523,2
33527,1
33529,5
33534,1
33535,2
33540,3
33547,1
33550,2
33551,2
33554,1
33555,1
34003,7
34010,1
34022,1
34023,1
34024,1
34026,2
34028,1
34031,2
34032,15
34033,1
34036,1
34039,1
34052,1
34057,3
34058,1
34064,1
34069,1
34073,1
34074,1
34079,4
34081,2
34087,1
34090,2
34095,5
34096,1
34101,1
34108,4
34111,1
34113,3
34114,1
34116,2
34120,1
34122,2
34123,1
34128,1
34129,1
34133,1
34140,1
34142,3
34145,6
34147,1
34148,1
34149,1
34150,1
34151,1
34154,5
34157,3
34162,1
34163,1
34166,2
34172,22
34189,1
34192,3
34194,1
34198,1
34199,6
34202,1
34207,1
34213,1
34217,1
34225,2
34237,2
34239,1
34240,1
34245,2
34247,1
34255,1
34270,2
34271,1
34274,1
34276,1
34284,2
34293,1
34298,3
34299,2
34300,2
34301,5
34310,1
34312,1
34327,2
34329,1
34332,2
34335,1
34336,1
34337,1
34340,2
34341,1
34344,2
35004,1
35006,1
35012,3
35014,1
35019,1
35024,1
35031,1
35032,1
35037,1
35041,1
35047,2
35049,1
35051,4
35055,1
35059,1
35066,1
35069,1
35085,4
35090,2
35093,2
35095,2
35096,1
35099,1
35105,1
35109,1
35115,5
35116,1
35120,1
35122,1
35123,1
35124,1
35125,2
35126,1
35127,2
35129,2
35131,1
35133,1
35136,2
35139,1
35145,6
35150,1
35152,2
35154,1
35155,1
35161,1
35162,1
35167,1
35173,1
35174,2
35175,1
35176,1
35177,2
35179,2
35183,1
35184,1
35188,2
35195,1
35196,1
35198,3
35206,2
35207,2
35208,1
35210,2
35219,1
35222,1
35223,1
35224,1
35227,1
35228,2
35236,5
35237,1
35238,19
35239,1
35240,2
35244,1
35245,1
35251,1
35253,2
35255,1
35257,1
35275,6
35278,5
35281,1
35284,1
35288,8
35297,2
35299,1
35308,1
35317,1
35327,1
35334,1
35337,2
35352,3
35353,1
35355,1
36001,2
36005,1
36006,2
36011,2
36018,4
36031,4
36034,1
36036,1
36044,7
36045,2
36047,3
36063,2
36069,1
36070,1
36078,2
36088,4
36093,1
36101,1
36122,2
36127,1
36141,1
36150,1
36153,1
36154,1
36171,2
36176,3
36181,1
36182,1
36191,3
36192,1
36196,6
36200,4
36202,4
36228,2
36230,1
36231,1
36247,4
37002,1
37003,5
37006,1
37008,1
37011,2
37014,2
37015,1
37018,1
37027,2
37031,1
37050,4
37054,1
37062,1
37063,2
37065,1
37072,3
37077,1
37079,1
37083,3
37099,1
37104,1
37107,1
37109,1
37115,2
37119,2
37122,7
37123,1
37130,1
37132,4
37139,2
37151,1
37153,3
37156,1
37159,1
37163,1
37167,1
37172,1
37173,1
37176,1
37185,1
37189,1
37195,2
37208,1
37211,1
37214,3
37216,2
37221,1
37226,1
37233,4
37241,1
37250,2
37261,13
37266,2
37267,1
37270,1
37273,1
37276,1
37281,1
37282,1
38001,6
38006,2
38012,2
38013,1
38019,1
38021,1
38022,2
38023,1
38027,1
38032,2
38034,1
38045,1
38052,2
38053,10
38057,1
38072,2
38075,1
38080,1
38082,1
38085,1
38087,2
38095,1
38100,1
38111,1
38113,1
38118,2
38124,1
38128,1
38130,3
38135,4
38138,1
38140,2
38144,1
38149,1
38150,1
38151,2
38155,1
38158,3
38169,1
38173,2
38174,2
38175,1
38177,6
38179,1
38182,3
38184,1
38185,8
38189,1
38191,1
38193,3
38206,10
38218,1
38223,2
38226,1
38229,4
38239,3
38242,2
38247,2
38253,1
38261,1
38269,3
38288,1
38296,3
38297,1
38298,1
38301,2
38305,1
38314,1
38315,4
38316,1
38317,1
38318,1
38332,2
38334,5
38335,1
38336,1
38337,1
38343,1
38344,3
38348,1
38363,1
38374,2
38377,1
38378,2
38382,2
38384,1
38386,1
38392,1
38399,2
38400,1
38401,1
38404,3
38408,1
38412,2
38416,1
38421,2
38426,1
38431,4
38439,1
38449,1
38454,6
38455,3
38457,1
38468,4
38474,2
38475,2
38485,1
38486,1
38499,1
38501,2
38507,2
38509,1
38511,2
38516,2
38517,3
38524,3
38537,2
38538,2
38540,1
38541,1
38543,1
38544,7
38545,1
38548,3
38553,2
38554,1
38557,1
38558,1
38559,2
38561,1
38562,3
38563,6
38565,8
39013,2
39016,1
39017,1
39022,1
39024,1
39037,1
39043,2
39056,2
39059,1
39077,1
39096,1
39097,4
39121,3
39122,1
39124,1
39128,1
39150,1
39154,3
39189,2
39198,7
39199,2
39201,1
39228,1
39233,1
39235,1
39236,2
39283,1
39286,1
39300,3
39310,1
39313,2
39333,1
39348,1
39362,2
39365,1
39367,1
39368,1
39370,1
39396,1
39397,2
39405,1
39411,2
39421,1
39434,2
39451,1
39462,2
39470,3
39475,1
39476,1
39478,4
39485,1
39487,2
39490,1
39491,1
39492,3
39500,3
39508,1
39526,3
39533,1
39576,2
39581,4
39582,1
40001,5
40002,1
40004,1
40019,1
40031,1
40036,2
40043,2
40046,2
40048,1
40065,3
40066,1
40075,2
40077,1
40084,1
40088,4
40102,1
40105,1
40110,1
40117,3
40119,3
40120,1
40133,5
40134,2
40135,1
40152,2
40155,1
40157,1
40158,1
40168,1
40178,1
40181,1
40184,3
40187,1
40190,1
40192,6
40194,1
40197,2
40201,1
40207,1
40217,3
40224,2
40227,1
40228,2
40230,1
40233,1
40243,2
40245,1
40246,1
40249,1
40250,1
40251,1
40261,1
40266,1
40267,3
40273,1
40279,2
40281,4
40282,2
40283,1
40284,1
40286,1
40287,2
40288,2
40294,1
40295,2
40304,1
40310,3
40312,4
40313,3
40317,1
40331,2
40332,1
40333,1
40334,1
41010,1
41017,1
41018,7
41032,1
41044,2
41046,2
41047,2
41051,1
41059,3
41078,1
41079,1
41080,1
41101,1
41105,1
41106,4
41110,6
41123,1
41136,1
41143,1
41149,2
41150,1
41151,1
41154,1
41157,1
41159,1
41164,1
41167,1
41173,1
41185,2
41194,5
41198,1
41202,1
41211,1
41220,1
41222,1
41226,5
41232,2
41238,1
41242,1
41255,1
41256,3
41269,4
41276,1
41288,2
41295,4
42005,3
42011,3
42013,1
42019,3
42023,4
42025,1
42043,1
42044,3
42052,2
42053,1
42056,1
42059,2
42069,1
42071,3
42094,5
42095,4
42097,2
42110,4
42120,1
42123,1
42125,5
42127,1
42130,3
42139,1
42147,3
42149,2
42154,2
42159,2
42163,1
42165,1
42166,1
42168,1
42170,1
42177,1
42182,3
42183,1
42184,3
42186,3
42187,5
42189,2
42204,2
42207,3
42211,3
42218,15
42222,1
42224,1
42230,1
42231,1
42232,1
42234,1
42237,1
42248,1
42249,2
42256,1
42259,1
42265,1
42267,1
42275,3
42276,1
42279,2
42284,1
42285,1
42289,4
42295,2
42299,2
42302,2
42304,3
42312,1
42316,2
42318,1
42323,1
42330,1
42334,1
43002,1
43012,1
43020,1
43022,1
43035,1
43040,4
43041,1
43046,1
43051,1
43062,1
43074,1
43080,2
43087,1
43111,1
43112,2
43120,1
43123,2
43124,1
43135,1
43137,2
43141,1
43148,1
43150,1
43155,2
43157,3
43162,1
43163,1
43188,1
43190,1
43200,2
43205,1
43208,1
43212,1
43216,1
43224,2
43234,3
43244,3
43251,1
43254,1
43267,2
43268,6
44002,1
44003,4
44005,1
44009,1
44010,1
44015,3
44018,1
44020,5
44021,2
44025,1
44026,3
44029,1
44030,1
44035,4
44036,5
44041,1
44043,3
44047,3
44048,1
44049,1
44051,2
44052,1
44055,2
44063,2
44064,1
44066,1
44067,2
44069,4
44072,1
44073,1
44081,1
44082,1
44084,2
44087,1
44089,1
44096,1
44097,1
44098,1
44101,1
44103,1
44109,18
44110,2
44113,3
44114,3
44116,1
44120,1
44124,1
44126,1
44128,1
44129,3
44130,1
44131,4
44132,3
44133,1
44135,1
44143,6
44144,1
44152,1
44154,3
44158,4
44161,1
44162,6
44168,2
44169,1
44175,1
44179,1
44180,1
44182,1
44183,2
44184,6
44185,1
44186,1
44187,2
44188,1
44190,3
44194,1
44195,2
44198,1
44204,1
44209,3
44210,3
44211,2
44212,3
44213,5
44215,3
44216,1
44217,2
44222,1
44223,2
45004,6
45008,1
45024,1
45025,1
45029,1
45030,2
45031,2
45039,1
45040,2
45053,2
45068,5
45075,1
45082,2
45083,1
45085,1
45087,1
45089,2
45091,1
45098,1
45103,1
45108,1
45115,4
45119,2
45127,2
45142,1
45145,1
45146,2
45147,5
45148,2
45154,2
45155,5
45158,1
45169,1
45173,1
45175,1
45178,1
45187,1
45188,1
45190,1
45191,4
45194,2
45202,5
45203,1
45224,3
45228,1
45229,1
45230,1
45232,4
45234,6
45244,1
45248,1
45252,2
45253,1
45254,1
45258,2
45273,1
45274,1
45277,3
45278,2
45281,1
45284,4
45285,2
45286,1
45297,1
45298,1
45300,1
45302,3
45306,1
45312,1
45317,2
45332,1
45335,1
45338,3
45347,1
46015,1
46029,1
46035,2
46042,10
46045,2
46063,1
46064,1
46074,2
46083,3
46084,2
46095,1
46102,6
46118,1
46127,9
46128,3
46138,2
46143,2
46148,3
46149,1
46171,1
46182,1
46185,1
46201,2
46204,1
46214,1
46215,1
46225,3
46231,1
46232,1
46233,2
46238,1
46251,2
46252,1
46262,3
46273,1
46297,2
46309,3
46320,1
46323,6
46330,2
46334,2
47001,4
47004,1
47015,1
47025,1
47027,2
47031,4
47032,2
47038,1
47040,1
47048,1
47049,1
47052,2
47054,1
47057,1
47065,2
47069,2
47078,1
47086,2
47091,1
47092,1
47100,2
47106,1
47108,1
47119,1
47137,2
47138,1
47142,1
47143,1
47145,3
47150,1
47157,8
47159,2
47168,2
47170,1
47175,1
47178,1
47185,2
47195,3
47201,3
47209,2
47210,1
47213,1
47215,1
47223,1
47225,1
47229,2
47230,1
47231,1
47233,1
47252,1
47264,1
47276,1
47280,1
47283,1
47284,1
47285,1
47292,1
47306,1
47310,3
47323,4
47324,2
47326,1
47328,1
48002,1
48009,1
48012,1
48017,2
48018,1
48027,3
48038,1
48039,1
48043,1
48061,5
48064,1
48070,2
48080,3
48090,2
48092,5
48095,4
48096,1
48099,1
48127,1
48132,1
48140,4
48149,1
48184,1
48198,2
49002,4
49007,12
49012,1
49015,3
49018,2
49020,3
49021,1
49023,4
49026,1
49027,1
49042,1
49050,1
49054,1
49063,2
49065,1
49069,1
49080,1
49086,1
49092,2
49096,1
49099,10
49110,1
49123,1
49125,3
49127,1
49141,5
49155,1
49160,2
49162,1
49176,1
49179,1
49180,3
49183,1
49187,2
49192,2
49193,1
49215,1
49218,1
49223,2
49228,1
49238,1
49244,2
49246,1
49248,3
49261,1
49267,2
49276,1
49283,1
49298,1
49301,4
49307,1
49313,1
49323,3
49328,3
49331,2
49332,1
49337,1
49343,1
49345,1
49347,1
49353,2
49355,1
49369,1
49373,1
50002,3
50003,1
50025,3
50030,1
50031,1
50037,1
50041,1
50058,1
50059,1
50063,1
50074,3
50076,3
50082,3
50099,4
50109,1
50129,5
50139,1
50147,6
50149,1
50151,2
50162,1
50165,1
50168,1
50182,1
50185,1
50197,1
50200,1
50203,1
50210,1
50214,1
50215,1
50218,2
50224,1
50236,1
50237,1
50256,1
50260,1
50262,1
50267,2
50270,1
50277,1
50292,2
50294,1
50332,1
50341,1
50349,1
50359,2
50388,1
50391,1
50393,2
50394,2
50400,2
50401,1
50402,2
50409,1
50410,3
50411,1
50412,1
50416,1
50417,1
50420,1
50423,1
50444,2
50448,1
50450,1
50453,1
50483,6
50484,2
50485,1
50487,1
50502,6
50505,1
50512,1
50516,2
50523,1
50532,1
50539,2
50551,1
50558,1
50562,1
50565,1
50582,1
50589,1
50592,1
50602,5
50615,4
50616,1
50631,1
50639,2
51009,1
51029,1
51030,1
51032,2
51043,2
51044,1
51085,1
51108,6
51115,1
51130,1
51136,1
51171,1
51172,1
51193,2
51204,1
51217,4
51230,4
51237,1
51242,2
51248,2
51250,3
51259,2
51262,1
51272,1
51282,1
51305,1
51308,1
51333,1
51351,2
51365,1
51369,1
51380,3
51384,3
51388,2
51391,2
51423,1
51428,4
51431,1
51436,1
51440,1
51444,1
51454,22
51460,1
51474,2
51484,6
51495,1
51504,1
51506,1
51507,3
51535,1
51536,1
51545,3
51559,2
51573,2
51576,1
51588,3
51592,1
51612,2
51643,2
51644,2
51649,3
51654,2
51657,1
51660,1
51662,1
52045,1
52058,1
52060,2
52062,1
52093,3
52105,2
52108,2
52114,2
52121,5
52197,2
52205,1
52223,2
52235,5
52242,1
52250,2
52253,1
52265,1
52269,4
52292,1
52331,2
52332,4
52353,2
52358,1
52384,2
52423,1
52448,6
52449,1
52453,1
52455,1
52470,1
52500,1
52513,1
52550,2
53003,1
53005,2
53007,1
53016,1
53029,1
53034,2
53039,1
53062,2
53077,2
53084,2
53091,2
53096,3
53097,4
53100,1
53107,2
53119,1
53127,1
53130,10
53137,1
53140,2
53147,6
53152,1
53161,1
53169,4
53185,2
53188,1
53215,1
53246,1
53247,1
53264,2
53267,1
53271,1
54034,2
54035,1
54039,1
54040,1
54041,2
54054,1
54057,1
54060,4
54076,2
54081,1
54099,2
54109,1
54115,1
54116,1
54129,1
54135,3
54150,1
54152,1
54154,1
54157,4
54159,2
54167,2
54174,1
54184,2
54208,2
54209,2
54215,2
54222,1
54232,1
54257,1
54263,1
54273,4
54274,1
54280,1
54295,1
54302,1
54304,4
54318,1
54320,3
54322,1
54323,1
54328,1
54329,4
54339,1
54357,1
54364,1
54373,1
54395,9
54397,2
54400,1
54406,2
54415,1
54425,1
54429,1
54430,2
54431,3
54459,1
54475,3
54478,4
54479,2
54482,1
54483,1
54488,6
54498,1
54502,2
54514,1
54518,1
54526,1
54528,4
54547,4
54563,1
54575,2
54578,3
54588,2
55029,2
55043,1
55111,1
55117,1
55122,2
55124,1
55154,1
55167,1
55181,1
55186,2
55198,1
55237,3
55248,1
55288,1
55291,2
55351,1
55398,1
55427,1
55463,2
55476,1
55502,2
55527,1
55533,1
55543,1
55545,4
55551,2
56001,2
56002,1
56003,1
56005,2
56007,4
56008,1
56010,3
56013,2
56024,1
56026,1
56033,1
56034,2
56036,3
56041,1
56046,1
56053,1
56054,1
56061,2
56066,2
56067,1
56070,1
56073,1
56075,2
56078,3
56083,3
56090,1
56091,3
56094,2
56097,1
56098,3
56101,2
56107,1
56117,1
56119,1
56121,8
56123,1
56124,1
56126,1
56127,2
56130,1
56140,2
56143,1
56147,1
56148,1
56151,1
56152,1
56155,1
56158,1
56162,4
56164,1
56165,5
56166,2
56167,1
56168,2
56169,2
56170,1
56172,1
56173,1
56176,1
56177,1
56178,9
56179,1
56184,3
56185,1
56186,2
56190,1
56193,2
56194,1
56197,1
56203,1
56206,2
56207,1
56214,1
56222,1
56228,4
56231,1
56240,2
56243,2
56244,1
56247,1
56248,1
56251,5
56252,1
56260,7
57012,1
57019,2
57032,2
57041,1
57042,1
57043,1
57073,1
57089,2
57097,2
57106,2
57116,1
57132,2
57143,1
57155,1
57160,3
57163,1
57171,1
57176,1
57177,3
57193,1
57198,1
57206,2
57207,2
57209,2
57210,1
57218,1
57221,1
57226,1
57227,3
57240,2
57251,1
57260,1
57269,2
57283,1
57287,1
57289,1
57303,1
57306,2
57332,1
57350,1
57352,2
57390,1
57411,3
57412,1
57413,6
57414,1
57422,1
57433,1
57441,1
57447,4
57452,1
57463,16
57465,1
57474,2
57478,3
57480,1
57482,1
57483,2
57487,1
57494,2
57521,2
57540,3
57556,1
57572,2
57582,1
57589,1
57591,2
57596,1
57606,2
57611,1
57616,2
57618,4
57620,1
57622,2
57628,3
57630,6
57631,4
57642,1
57645,1
57655,1
57659,1
57663,1
57672,4
57683,1
57690,3
57708,1
57724,2
57727,1
57751,2
57757,1
58007,1
58041,1
58046,1
58051,1
58057,1
58059,2
58062,1
58065,2
58079,2
58083,2
58086,8
58088,1
58095,3
58102,1
58103,1
58104,1
58109,1
58117,2
58131,1
58134,1
58145,1
58149,1
58151,2
58152,2
58154,1
58160,1
58180,1
58182,1
58185,1
58191,1
58194,7
58196,2
58214,1
58218,1
58227,1
58232,1
58250,1
58251,1
58257,1
58262,1
58263,4
58264,1
58267,1
58273,2
58286,1
58295,1
58303,2
58304,1
59002,1
59008,1
59009,8
59011,1
59015,1
59017,2
59023,1
59026,1
59032,1
59033,2
59034,2
59035,2
59036,1
59037,2
59043,3
59044,1
59051,1
59052,1
59053,1
59058,2
59063,1
59064,1
59080,1
59082,1
59089,1
59090,1
59092,1
59094,2
59098,1
59099,1
59107,1
59112,1
59117,2
59120,3
59122,6
59124,1
59131,1
59135,1
59136,1
59139,3
59143,1
59153,2
59155,5
59165,1
59168,1
59170,2
59172,1
59178,3
59179,1
59183,6
59193,1
59202,2
59206,1
59207,1
59212,1
59220,2
59225,2
59227,1
59230,1
59234,1
59239,1
59249,3
59261,1
59268,1
59269,1
59271,3
59272,1
59273,1
59276,2
59278,2
59279,2
59285,2
59286,1
59288,1
59291,1
59295,5
59299,1
59309,1
59317,1
59319,1
59322,1
59324,2
59327,1
59328,2
59331,2
59333,1
59339,1
59343,1
59346,1
59350,9
59359,3
59360,1
59361,1
59365,1
59368,4
59369,2
59371,1
59378,3
59383,4
59384,1
59386,2
59390,1
59392,3
59400,2
59410,2
59411,2
59414,1
59421,1
59422,1
59431,1
59449,3
59452,1
59456,2
59459,2
59462,1
59466,1
59467,1
59478,1
59479,2
59481,2
59482,1
59484,1
59486,1
59488,2
59507,1
59508,2
59509,1
59512,3
59524,1
59526,2
59527,1
59529,1
59541,1
59544,2
59553,1
59555,1
59560,9
59564,2
59569,3
59571,1
59574,2
59580,5
59586,2
59587,1
59592,1
59597,1
59599,4
59603,3
59606,7
59611,1
59624,1
59636,1
59646,2
59648,1
59650,1
59653,2
59654,1
59663,2
60009,1
60010,1
60015,1
60029,2
60035,1
60048,2
60049,2
60056,1
60057,8
60068,1
60088,1
60103,1
60104,4
60107,1
60134,2
60138,2
60139,2
60141,4
60142,1
60143,1
60145,6
60151,1
60156,1
60157,1
60159,8
60163,1
60175,3
60176,6
60178,2
60188,1
60191,1
60200,4
60209,1
60234,1
60239,1
60245,3
60248,2
60277,1
60279,1
60282,2
60286,3
60291,1
60299,1
60313,1
60323,2
60326,2
60338,1
60346,2
60350,1
60360,2
60368,1
60369,1
60374,1
60387,1
60395,2
60414,2
60427,1
60439,1
60441,2
60446,1
60450,1
60459,1
60463,1
60471,3
60477,1
60482,1
60500,1
60509,3
60524,1
60533,3
60537,1
60539,1
60544,2
60567,1
60581,1
60588,3
60589,1
60591,1
60597,6
60612,4
60616,1
60623,1
60636,1
60644,1
60646,1
60647,1
60665,1
60667,1
60684,2
60686,1
61001,5
61006,4
61007,2
61011,2
61020,2
61023,3
61063,1
61074,1
61090,1
61096,1
61103,5
61111,2
61117,2
61138,2
61145,4
61153,1
61162,1
61168,2
61169,8
61170,1
61173,1
61175,5
61176,2
61181,2
61184,1
61196,1
61214,2
61230,1
61293,2
61310,1
61345,1
61362,1
61394,1
61397,1
61412,1
61414,2
61426,1
61443,1
61447,1
61461,2
61464,3
61483,2
61484,1
61486,1
61491,1
61493,1
61494,1
61497,1
61508,3
61511,1
62004,1
62014,2
62019,1
62022,1
62025,1
62032,2
62033,1
62036,1
62038,1
62040,2
62041,5
62044,1
62045,1
62048,1
62050,1
62051,1
62057,1
62059,1
62060,1
62063,2
62065,2
62080,4
62083,2
62097,1
62099,1
62100,1
62108,4
62119,3
62125,1
62126,3
62128,1
62132,1
62160,2
62173,1
62178,3
62181,1
62186,2
62193,13
62194,1
62200,1
62201,1
62204,1
62205,1
62207,1
62215,3
62217,2
62223,1
62224,1
62239,4
62244,2
62249,1
62250,2
62254,1
62259,2
62261,3
62263,1
62268,2
62270,1
62280,2
62297,1
62310,1
62318,4
62325,1
62337,8
62338,1
62339,1
62351,1
62355,2
62361,1
62364,2
62386,1
62388,2
62391,1
62397,1
62400,1
62413,1
62421,1
62427,3
62433,3
62436,1
62440,3
62443,1
62457,1
62463,2
62473,1
62486,1
62487,1
62491,1
62497,1
62498,6
62502,1
62503,1
62506,1
62510,2
62516,1
62523,1
62524,1
62525,1
62526,1
62528,1
62534,3
62548,2
62549,1
62550,2
62555,1
62557,1
62559,3
62560,3
62570,1
62587,2
62588,9
62603,1
62604,1
62614,1
62617,2
62624,1
62626,1
62628,1
62637,1
62643,3
62645,2
62649,1
62652,2
62667,1
62684,1
62688,1
62701,1
62711,1
62718,1
62724,1
62729,2
62736,2
62737,1
62741,2
62742,1
62744,1
62746,1
62748,1
62749,1
62750,1
62757,1
62758,4
62763,1
62764,1
62765,2
62767,2
62770,2
62773,2
62785,1
62790,4
62801,1
62811,1
62817,1
62820,1
62823,2
62826,1
62841,2
62842,1
62846,1
62848,1
62849,1
62861,1
62863,1
62864,2
62865,1
62873,2
62893,1
62894,1
62895,2
62902,1
62907,2
62908,1
63001,1
63003,3
63010,1
63014,3
63021,1
63032,1
63038,1
63040,3
63042,1
63047,1
63048,1
63050,1
63063,1
63069,1
63070,1
63072,1
63074,2
63075,1
63080,2
63082,1
63103,2
63113,18
63116,2
63124,2
63125,3
63126,1
63144,1
63148,1
63150,1
63164,4
63165,1
63170,1
63178,4
63193,1
63195,2
63206,2
63207,1
63210,3
63211,1
63214,1
63224,1
63231,1
63233,2
63236,1
63246,1
63247,1
63248,1
63265,1
63273,1
63281,1
63283,2
63284,3
63285,1
63291,1
63295,1
63300,3
63302,1
63305,2
63307,3
63319,1
63320,1
63328,1
63338,2
63343,8
63345,1
63349,2
63352,1
63354,1
63378,1
63393,1
63415,2
63425,1
63426,1
63430,6
63455,2
63457,2
63458,2
64006,1
64010,1
64018,2
64024,4
64029,1
64057,1
64061,3
64062,1
64063,1
64068,1
64070,1
64102,10
64109,1
64122,4
64123,2
64125,3
64129,2
64131,1
64132,1
64138,1
64160,3
64188,1
64191,2
64230,1
64233,1
64238,1
64256,3
64260,1
64269,2
64270,1
64275,1
64279,1
64284,2
64300,3
64317,1
64320,1
64331,1
64335,1
64348,3
64353,1
64355,1
64371,2
64373,1
64374,1
64393,1
64395,1
64399,1
64405,2
64410,1
64416,1
64419,1
64422,3
64430,3
64431,3
64436,1
64443,1
64445,8
64448,2
64453,1
64461,2
64477,1
64483,4
64484,3
64485,1
64495,2
64496,1
64499,3
64510,1
64511,2
64513,1
64519,1
64530,1
64533,1
64540,1
64545,1
64546,1
64547,2
65006,1
65011,1
65025,3
65031,1
65038,1
65047,1
65059,2
65072,2
65101,1
65106,1
65125,1
65127,1
65129,1
65138,1
65149,1
65168,1
65197,1
65226,1
65235,1
65250,1
65251,1
65258,2
65282,1
65286,5
65287,1
65301,1
65304,1
65306,2
65308,1
65321,1
65340,1
65370,3
65371,1
65375,1
65394,1
65396,2
65399,1
65400,1
65408,2
65417,2
65440,7
65447,2
65460,3
66004,1
66008,3
66009,1
66015,1
66016,1
66017,3
66019,1
66020,1
66021,1
66024,3
66028,1
66037,2
66038,1
66049,3
66050,2
66064,1
66065,2
66071,1
66077,1
66084,1
66088,1
66093,1
66094,2
66101,1
66108,2
66114,1
66125,1
66136,16
66141,1
66144,1
66148,1
66149,2
66164,2
66171,3
66172,2
66176,1
66180,3
66186,6
66187,1
66189,1
66195,3
66210,2
66222,1
67021,1
67028,1
67033,1
67043,3
67046,2
67055,1
67061,1
67065,2
67066,1
67067,5
67095,1
67105,1
67106,2
67108,1
67112,2
67117,2
67124,1
67125,1
67130,2
67131,1
67137,1
67151,1
67152,1
67155,1
67168,1
67176,1
67180,8
67184,1
67191,1
67194,2
67196,1
67202,3
67204,2
67205,1
67212,1
67216,1
67217,2
67218,3
67222,2
67234,2
67237,1
67263,1
67267,1
67281,1
67282,1
67283,1
67291,1
67300,3
67309,1
67313,2
67328,1
67339,2
67343,1
67348,4
67351,1
67362,1
67365,3
67388,3
67389,3
67405,2
67411,2
67414,1
67420,1
67424,1
67427,1
67434,3
67437,5
67443,1
67447,3
67448,2
67458,2
67462,5
67463,1
67471,1
67472,2
67474,2
67482,15
67486,1
67495,1
67506,1
67520,3
67538,1
67544,2
67548,1
67550,1
67551,3
68004,2
68021,1
68022,1
68036,1
68040,1
68042,1
68043,1
68049,1
68056,1
68059,4
68060,1
68063,2
68064,1
68066,13
68068,2
68082,2
68089,2
68090,3
68091,1
68095,1
68112,2
68113,1
68118,1
68134,1
68135,1
68138,1
68145,2
68146,2
68149,2
68154,4
68155,2
68156,1
68162,1
68164,1
68166,1
68195,2
68201,2
68209,1
68217,1
68224,15
68226,2
68227,1
68231,1
68234,1
68235,1
68249,1
68253,1
68256,2
68271,1
68278,3
68287,2
68292,1
68294,1
68296,1
68297,4
68298,2
68300,2
68306,1
68309,2
68315,2
68329,1
68334,1
68348,1
68352,1
68355,1
68374,2
68375,1
68376,3
68377,1
69002,1
69006,3
69007,1
69009,4
69010,3
69013,2
69018,2
69019,5
69023,1
69024,1
69025,1
69026,1
69027,2
69028,1
69029,7
69034,4
69040,2
69043,1
69044,1
69046,2
69050,1
69052,2
69055,3
69059,1
69064,1
69066,2
69069,2
69072,3
69077,2
69081,4
69085,1
69086,1
69088,1
69089,2
69091,2
69092,2
69094,1
69096,2
69100,1
69107,2
69111,1
69112,1
69115,1
69116,1
69117,1
69118,1
69123,27
69131,2
69141,1
69142,1
69143,1
69149,2
69151,1
69152,2
69157,1
69159,1
69162,1
69163,1
69168,1
69171,1
69178,1
69184,1
69194,1
69199,3
69202,3
69204,2
69206,1
69215,1
69220,1
69222,1
69223,1
69227,1
69235,1
69236,1
69238,2
69242,1
69243,2
69244,4
69255,1
69256,6
69259,6
69260,1
69264,9
69266,7
69268,2
69270,1
69271,2
69272,2
69273,3
69275,2
69276,3
69277,1
69278,2
69279,1
69281,3
69282,4
69285,1
69286,5
69287,1
69288,2
69289,1
69290,11
69291,2
69294,3
69297,1
69299,1
70026,2
70044,3
70104,1
70120,1
70122,2
70165,1
70168,1
70171,2
70177,1
70198,2
70228,1
70245,2
70255,1
70279,3
70282,1
70285,1
70289,1
70292,2
70310,5
70311,3
70329,1
70334,1
70339,1
70352,1
70378,2
70383,1
70388,2
70408,2
70421,1
70428,1
70447,1
70450,5
70451,2
70455,3
70459,1
70464,3
70467,1
70468,4
70472,1
70473,6
70523,2
70550,5
70561,2
71002,1
71014,5
71024,2
71040,2
71047,3
71052,1
71059,1
71070,2
71073,3
71076,8
71090,1
71099,1
71105,3
71106,2
71113,1
71117,1
71118,2
71120,2
71133,2
71137,4
71149,3
71150,2
71153,4
71157,1
71158,2
71167,1
71176,3
71177,2
71186,1
71190,1
71192,1
71206,2
71212,1
71215,1
71216,1
71221,1
71222,9
71230,3
71237,1
71239,1
71261,3
71263,4
71267,1
71269,2
71270,2
71275,1
71278,2
71282,2
71283,1
71288,6
71290,1
71294,1
71300,1
71306,4
71310,4
71336,1
71342,6
71344,2
71345,6
71346,1
71351,3
71360,1
71372,1
71373,2
71379,2
71380,1
71383,3
71384,3
71394,1
71404,1
71417,1
71419,1
71420,1
71425,6
71442,1
71443,1
71445,4
71448,1
71454,1
71456,1
71472,1
71475,1
71482,1
71486,5
71491,1
71499,1
71512,1
71540,2
71542,1
71543,6
71556,3
71558,1
71559,1
71566,1
71578,1
71580,2
71584,7
71588,2
71591,1
72003,4
72006,1
72008,2
72023,1
72024,1
72029,1
72035,2
72039,2
72042,2
72050,1
72051,1
72054,2
72061,1
72065,1
72068,1
72071,1
72073,1
72080,1
72089,1
72090,1
72115,1
72124,2
72132,3
72138,2
72143,1
72154,3
72166,1
72170,1
72173,1
72176,3
72180,1
72181,18
72184,1
72186,3
72189,1
72191,2
72200,1
72208,3
72213,1
72223,1
72228,2
72231,1
72241,1
72264,5
72265,1
72269,4
72276,1
72278,1
72284,1
72287,1
72289,1
72310,1
72315,1
72316,1
72321,1
72328,2
72329,2
72336,2
72337,2
72346,1
72360,1
72373,2
72375,3
72386,1
73002,1
73003,1
73004,1
73006,1
73008,4
73011,6
73031,2
73032,3
73034,2
73043,1
73046,1
73051,1
73054,2
73063,3
73065,10
73079,1
73081,2
73087,1
73099,1
73103,1
73118,1
73119,1
73121,1
73128,1
73135,1
73141,1
73146,1
73157,2
73171,2
73179,5
73182,4
73183,1
73191,1
73204,3
73205,6
73213,2
73214,4
73215,2
73218,1
73219,1
73222,1
73227,2
73236,1
73248,2
73249,2
73250,1
73253,4
73255,2
73256,2
73257,1
73261,2
73269,1
73270,1
73274,1
73284,3
73290,2
73293,2
73296,1
73297,1
73303,4
73304,2
73317,1
73318,1
73328,1
73329,1
73330,1
74001,1
74002,1
74005,2
74006,2
74007,2
74010,12
74011,2
74012,5
74014,2
74019,1
74026,1
74031,1
74037,1
74040,1
74042,4
74043,1
74056,1
74058,1
74065,5
74078,1
74080,1
74081,4
74083,1
74093,2
74096,2
74099,2
74103,1
74104,1
74105,2
74112,1
74119,2
74123,2
74128,1
74131,1
74133,1
74134,1
74137,7
74143,2
74150,1
74154,1
74159,1
74163,1
74164,1
74173,2
74176,1
74191,1
74208,2
74210,1
74211,1
74212,1
74215,1
74218,1
74220,1
74224,1
74225,2
74236,1
74238,1
74239,1
74241,1
74243,1
74245,1
74250,1
74256,3
74258,1
74263,1
74264,1
74267,2
74268,10
74269,1
74272,1
74276,2
74278,1
74280,2
74281,8
74282,1
74288,6
74293,2
74298,2
74302,1
74308,1
74311,1
74314,1
75117,1
76034,1
76035,1
76051,1
76057,3
76064,1
76075,1
76081,1
76095,3
76101,2
76103,1
76108,2
76114,3
76115,1
76116,1
76125,1
76126,2
76146,1
76157,4
76159,2
76164,1
76178,1
76192,1
76196,1
76212,2
76216,3
76217,8
76219,1
76222,1
76231,3
76235,1
76238,1
76240,1
76252,1
76255,2
76258,2
76259,6
76260,1
76263,1
76276,3
76278,2
76282,3
76294,1
76295,1
76302,1
76305,3
76307,2
76312,5
76319,2
76321,3
76322,3
76329,2
76341,1
76351,14
76366,2
76377,1
76384,1
76392,1
76397,1
76400,1
76401,1
76410,1
76415,6
76429,2
76447,2
76451,2
76452,1
76457,1
76462,1
76465,2
76470,1
76475,1
76476,3
76482,1
76484,1
76495,1
76498,2
76527,1
76528,1
76533,1
76540,9
76561,1
76575,4
76591,1
76594,3
76610,2
76624,1
76636,1
76640,1
76647,2
76648,1
76655,2
76668,1
76670,1
76672,1
76673,1
76681,4
76684,1
76700,1
76705,1
76709,2
76719,3
76721,1
76752,2
76758,2
77001,1
77014,2
77018,1
77039,1
77048,1
77051,1
77053,4
77058,3
77067,1
77077,1
77079,1
77083,1
77088,2
77095,1
77096,1
77099,1
77100,1
77108,6
77118,3
77121,1
77122,1
77123,1
77127,1
77128,1
77131,4
77132,2
77142,2
77143,1
77146,1
77152,4
77156,1
77159,1
77166,1
77168,1
77169,1
77171,4
77176,1
77181,1
77182,2
77183,4
77186,2
77192,2
77194,5
77215,1
77216,1
77222,1
77243,3
77249,2
77251,1
77257,2
77260,1
77261,1
77276,1
77284,8
77285,1
77288,2
77294,1
77305,1
77307,2
77312,1
77316,3
77317,1
77320,1
77321,1
77322,1
77327,3
77330,2
77333,4
77335,1
77337,2
77349,1
77350,3
77363,1
77370,2
77372,2
77373,5
77379,4
77382,1
77384,2
77385,1
77389,2
77390,3
77392,1
77393,1
77394,1
77402,1
77407,2
77409,1
77413,1
77420,2
77423,2
77431,1
77437,2
77438,2
77445,1
77448,1
77449,1
77458,2
77459,1
77463,1
77464,1
77468,2
77470,1
77475,1
77477,1
77478,3
77479,1
77482,2
77483,1
77486,2
77487,2
77511,1
77514,1
77517,1
77533,1
77534,1
78003,1
78005,1
78015,2
78029,1
78062,1
78073,3
78092,2
78107,1
78117,1
78118,1
78123,2
78124,1
78126,2
78133,1
78146,2
78147,1
78158,4
78165,2
78168,2
78172,6
78189,1
78190,2
78194,2
78206,1
78208,3
78217,2
78220,2
78238,1
78242,1
78255,3
78265,3
78267,1
78297,2
78299,1
78311,4
78321,1
78322,1
78327,1
78335,2
78346,1
78350,1
78356,1
78358,1
78361,1
78362,3
78368,1
78372,1
78380,1
78381,5
78383,2
78396,1
78397,1
78402,1
78418,3
78423,4
78431,2
78440,1
78455,1
78465,1
78466,3
78481,3
78486,1
78490,3
78498,1
78502,1
78506,1
78513,1
78517,3
78524,2
78531,4
78537,1
78545,1
78551,2
78565,2
78575,1
78586,1
78591,1
78601,1
78609,1
78616,2
78621,4
78640,4
78642,2
78643,4
78646,7
78650,1
78674,1
78688,2
79001,1
79003,2
79005,1
79007,1
79013,3
79023,2
79024,1
79031,1
79033,4
79034,1
79048,1
79049,3
79054,1
79057,1
79061,1
79062,2
79064,1
79066,1
79076,1
79079,1
79080,3
79081,4
79083,3
79101,1
79109,1
79117,1
79119,2
79148,1
79166,2
79170,1
79172,1
79174,4
79179,1
79184,1
79185,1
79191,10
79195,1
79201,2
79202,3
79210,1
79213,1
79259,1
79260,1
79270,1
79293,1
79298,1
79299,1
79303,1
79307,1
79311,1
79326,2
79329,4
79351,1
79355,2
80001,7
80003,1
80009,1
80010,1
80011,1
80013,1
80016,3
80021,11
80039,1
80051,3
80062,1
80086,1
80093,1
80110,1
80113,4
80126,1
80136,2
80141,1
80160,1
80164,1
80182,1
80186,1
80211,2
80212,1
80222,2
80227,2
80228,1
80232,1
80235,1
80253,5
80256,1
80261,2
80308,2
80314,8
80316,1
80317,1
80318,3
80321,2
80338,2
80368,1
80373,2
80375,1
80379,1
80381,1
80410,1
80488,2
80489,1
80521,2
80533,1
80561,3
80570,2
80573,1
80579,1
80585,2
80598,1
80606,2
80620,3
80630,4
80635,1
80649,1
80661,2
80674,2
80677,1
80680,1
80685,3
80688,3
80692,1
80708,2
80711,5
80716,1
80718,6
80721,3
80724,1
80725,2
80767,3
80798,4
80799,3
81003,2
81004,10
81014,1
81021,4
81026,2
81033,1
81036,1
81037,1
81038,1
81048,1
81056,1
81060,2
81065,10
81070,1
81099,3
81105,5
81109,2
81120,2
81124,3
81132,2
81140,4
81144,1
81145,2
81146,1
81156,1
81171,1
81192,1
81195,1
81201,1
81202,71
81212,2
81218,1
81219,2
81220,2
81222,2
81228,2
81242,1
81253,2
81271,4
81273,1
81275,1
81284,2
81288,1
81289,1
81317,1
82002,1
82005,3
82006,4
82013,2
82021,2
82024,1
82025,1
82027,1
82033,6
82037,3
82038,1
82042,1
82052,1
82062,1
82068,2
82072,1
82075,1
82079,4
82087,2
82090,1
82094,1
82096,1
82097,1
82106,2
82112,4
82117,1
82119,1
82121,12
82124,1
82125,2
82126,2
82134,2
82137,1
82139,1
82142,1
82149,1
82152,1
82155,1
82161,1
82162,1
82165,1
82169,4
82173,1
82179,1
82186,14
82189,1
82190,2
82191,3
83001,1
83004,2
83006,1
83007,2
83008,1
83009,3
83012,3
83016,3
83019,2
83023,7
83029,1
83031,2
83032,1
83033,1
83034,1
83036,2
83042,3
83043,1
83044,1
83046,2
83047,5
83048,1
83049,3
83050,6
83054,2
83055,1
83056,1
83057,2
83058,1
83059,3
83061,10
83062,6
83064,1
83065,2
83066,1
83067,1
83068,1
83069,8
83070,2
83071,3
83072,4
83073,2
83081,2
83083,1
83086,4
83090,4
83091,1
83092,1
83097,1
83098,2
83099,4
83101,1
83102,1
83104,2
83106,2
83107,3
83108,1
83112,2
83113,1
83115,3
83116,4
83118,1
83119,1
83120,1
83121,3
83123,1
83126,6
83127,1
83129,5
83130,2
83132,1
83137,10
83138,1
83140,1
83141,2
83144,4
83148,4
83149,1
83150,4
83152,1
84003,4
84004,1
84007,15
84012,1
84017,1
84019,6
84026,1
84029,1
84030,2
84031,7
84034,1
84035,5
84036,1
84037,1
84039,1
84043,1
84048,1
84050,1
84053,1
84054,3
84056,2
84064,1
84065,1
84069,1
84071,2
84072,1
84078,2
84080,2
84081,3
84083,5
84087,6
84088,2
84089,5
84092,6
84095,1
84102,3
84106,1
84115,1
84116,1
84122,1
84123,1
84126,1
84129,5
84132,2
84133,1
84137,2
84138,2
84141,1
84142,1
84145,1
84148,1
85001,1
85003,3
85004,1
85005,1
85011,1
85012,1
85017,1
85018,2
85019,3
85020,1
85027,1
85031,1
85034,1
85035,1
85038,3
85039,2
85046,1
85047,6
85050,1
85051,3
85052,1
85059,3
85062,1
85065,2
85066,1
85070,1
85082,1
85084,2
85086,1
85092,3
85096,1
85097,2
85106,2
85109,4
85113,1
85114,1
85127,2
85128,4
85129,1
85130,1
85135,1
85146,1
85148,9
85151,1
85152,1
85153,1
85155,1
85156,2
85161,1
85163,1
85164,1
85165,1
85166,2
85178,3
85182,1
85190,1
85191,8
85194,8
85213,1
85215,1
85216,1
85217,1
85222,3
85223,2
85224,2
85226,1
85233,2
85234,3
85238,3
85274,1
85288,2
85294,1
85295,1
85302,2
86005,1
86006,1
86007,2
86013,1
86019,1
86041,2
86047,2
86049,1
86054,3
86062,2
86066,9
86067,1
86070,2
86078,3
86081,2
86082,2
86087,2
86092,1
86095,1
86103,2
86112,3
86114,1
86115,4
86120,1
86128,1
86129,1
86137,5
86139,1
86140,1
86148,1
86153,1
86157,2
86158,4
86160,4
86165,2
86174,1
86177,4
86183,1
86188,1
86192,1
86194,10
86207,1
86221,1
86222,1
86223,3
86226,1
86245,6
86246,2
86250,1
86255,1
86269,1
86274,1
86276,1
86281,2
86284,4
86293,3
86294,2
86297,1
87001,3
87002,1
87011,3
87014,1
87019,1
87028,1
87040,1
87041,1
87047,1
87050,2
87054,1
87059,1
87064,2
87065,2
87075,1
87085,24
87088,1
87089,1
87103,1
87106,1
87107,1
87110,1
87111,2
87113,2
87114,4
87125,1
87126,4
87148,1
87154,2
87158,1
87161,2
87168,1
87169,2
87174,1
87180,1
87182,3
87187,5
87190,1
87201,2
88009,3
88016,2
88020,1
88024,2
88029,1
88075,2
88078,2
88090,2
88114,3
88116,1
88124,1
88151,1
88160,5
88181,2
88196,3
88201,1
88209,2
88251,1
88253,1
88258,1
88261,1
88270,1
88299,1
88304,4
88310,1
88319,1
88321,6
88327,1
88357,1
88358,1
88367,4
88372,2
88383,1
88408,2
88413,4
88415,2
88421,1
88424,1
88426,2
88429,3
88431,1
88435,1
88437,5
88440,2
88445,1
88447,1
88451,1
88465,3
88468,3
88486,1
88487,1
88513,1
88516,2
88530,1
89003,1
89005,1
89013,2
89024,8
89025,5
89031,1
89037,1
89046,1
89049,3
89055,1
89068,1
89073,1
89077,2
89086,2
89093,5
89100,1
89102,1
89125,1
89134,2
89152,1
89162,4
89180,1
89190,1
89206,2
89212,2
89227,1
89239,1
89247,1
89257,3
89263,2
89267,1
89275,1
89279,1
89281,1
89291,2
89294,1
89295,2
89309,2
89313,2
89318,1
89328,1
89331,1
89342,1
89344,1
89345,3
89346,1
89348,2
89352,2
89368,2
89370,1
89381,3
89382,1
89387,9
89418,2
89419,3
89438,1
89441,1
89449,2
89460,1
89461,6
89464,1
89478,2
89482,1
90001,1
90008,1
90009,2
90010,6
90012,1
90020,1
90033,2
90047,1
90052,2
90067,1
90071,1
90075,1
90091,1
90099,1
91016,1
91021,1
91027,3
91041,2
91044,2
91045,1
91047,1
91086,1
91097,1
91103,1
91105,2
91111,1
91114,2
91136,1
91159,1
91161,7
91174,5
91182,1
91200,2
91201,3
91207,1
91216,2
91223,6
91225,1
91228,1
91232,1
91235,1
91272,4
91274,1
91275,1
91286,2
91312,1
91315,1
91319,1
91326,1
91330,1
91333,1
91338,1
91340,1
91347,1
91363,3
91376,1
91377,6
91386,3
91405,2
91412,3
91421,4
91432,3
91434,2
91457,1
91458,3
91463,1
91471,1
91494,2
91514,1
91521,4
91525,2
91534,3
91538,1
91552,4
91553,4
91570,2
91573,1
91577,1
91587,1
91589,1
91645,1
91649,1
91657,3
91659,2
91661,2
91665,1
91687,3
91691,1
91692,4
92002,3
92004,3
92007,2
92012,4
92014,1
92019,1
92020,1
92022,1
92023,7
92024,2
92025,7
92026,7
92032,1
92033,1
92035,1
92036,5
92040,2
92044,2
92046,3
92048,2
92049,2
92050,9
92051,1
92062,2
92063,6
92064,3
92071,3
92072,1
92073,2
92075,1
92076,2
92077,1
92078,1
93001,6
93005,6
93006,1
93007,5
93008,3
93010,3
93013,1
93014,1
93015,1
93027,3
93029,3
93030,1
93031,3
93045,1
93046,5
93047,1
93048,9
93049,1
93050,4
93051,10
93053,4
93055,2
93057,1
93059,2
93063,1
93064,1
93066,2
93070,5
93071,3
93072,4
93073,3
93074,1
93077,3
93078,5
94002,1
94003,3
94004,3
94011,3
94017,5
94018,2
94019,2
94021,4
94022,3
94028,8
94033,4
94037,1
94038,1
94041,3
94042,3
94043,1
94044,1
94046,5
94052,3
94053,1
94054,4
94055,1
94058,2
94059,3
94060,1
94065,5
94067,1
94068,5
94069,1
94071,4
94073,1
94074,1
94075,1
94076,2
94077,1
94078,4
94079,1
94080,1
94081,3
95018,12
95019,2
95028,1
95052,2
95060,1
95063,3
95127,4
95141,1
95149,1
95176,1
95197,2
95199,2
95203,2
95205,2
95211,1
95214,1
95218,2
95219,2
95229,1
95250,1
95252,2
95256,1
95268,1
95271,1
95277,5
95280,3
95306,3
95313,2
95323,2
95351,2
95352,1
95353,1
95355,2
95370,1
95388,1
95394,2
95409,2
95424,4
95427,1
95428,1
95476,4
95487,2
95488,2
95500,1
95510,1
95527,2
95535,2
95539,2
95563,2
95572,4
95574,1
95582,2
95585,1
95598,3
95607,3
95612,2
95641,3
95652,1
95680,3
97124,4
97126,4
97308,1
97414,4
97415,1
