1_code_commune_n,1_Nb_bornes_Ã©lectriques
1004,9
1005,2
1012,2
1014,4
1027,8
1032,2
1033,11
1034,8
1043,3
1053,59
1067,14
1071,3
1072,24
1089,4
1098,4
1104,1
1113,1
1130,4
1142,25
1143,2
1160,6
1165,1
1173,7
1181,2
1192,2
1195,18
1202,2
1229,5
1238,3
1244,5
1248,14
1254,10
1262,6
1269,4
1272,2
1276,2
1281,2
1283,4
1289,2
1303,2
1320,4
1328,4
1333,3
1344,3
1354,6
1363,4
1390,26
1398,2
1399,15
1426,4
1451,17
2018,2
2037,2
2057,2
2064,4
2073,2
2095,4
2103,2
2110,2
2120,2
2128,2
2131,2
2134,6
2141,2
2157,4
2158,7
2163,2
2168,43
2173,6
2186,2
2199,2
2212,4
2222,2
2237,2
2238,2
2243,4
2245,2
2264,2
2281,2
2290,2
2292,4
2298,2
2304,4
2307,2
2332,8
2334,2
2360,11
2361,8
2371,16
2372,1
2381,12
2387,2
2397,2
2399,9
2408,69
2430,2
2477,4
2484,2
2487,2
2490,2
2502,2
2514,4
2521,2
2543,2
2554,2
2555,2
2558,2
2575,2
2578,2
2580,2
2602,2
2643,4
2648,2
2666,2
2668,2
2672,2
2676,3
2680,2
2691,86
2698,2
2720,4
2722,84
2755,2
2756,4
2758,2
2785,2
2789,2
2795,4
2805,2
2810,10
2818,2
2820,2
3001,2
3003,2
3013,16
3022,2
3023,7
3025,2
3026,2
3036,10
3043,2
3046,2
3048,2
3053,2
3060,6
3074,2
3080,3
3082,4
3084,2
3087,4
3094,2
3095,17
3098,2
3101,2
3102,2
3103,2
3104,28
3107,3
3118,10
3128,4
3132,2
3138,4
3140,2
3155,2
3161,2
3165,2
3183,2
3185,39
3186,6
3190,14
3195,2
3197,2
3202,2
3211,2
3235,2
3236,2
3253,18
3254,12
3262,12
3264,2
3275,2
3286,9
3297,2
3298,6
3304,3
3310,27
3315,2
3320,2
3321,10
4006,4
4008,2
4013,30
4018,2
4019,4
4022,2
4033,3
4034,2
4036,2
4039,2
4045,2
4046,2
4049,4
4061,2
4070,23
4073,2
4076,4
4088,22
4094,4
4096,2
4102,2
4108,3
4111,2
4112,38
4116,4
4121,2
4123,2
4126,3
4134,2
4135,4
4140,2
4143,3
4144,2
4149,2
4152,2
4157,2
4158,2
4161,1
4163,2
4166,4
4171,1
4173,2
4176,2
4178,2
4186,2
4188,2
4192,2
4197,2
4203,2
4205,2
4209,24
4217,2
4226,4
4230,4
4244,3
4245,9
5003,2
5004,2
5006,4
5007,2
5008,2
5010,2
5012,2
5017,2
5023,7
5027,2
5029,2
5038,2
5040,6
5044,2
5046,10
5048,2
5050,2
5052,5
5054,2
5059,2
5061,55
5063,2
5064,2
5065,8
5070,6
5077,2
5079,4
5082,2
5085,9
5093,2
5096,4
5097,2
5098,4
5101,4
5103,2
5110,2
5114,2
5118,4
5119,4
5122,2
5126,2
5132,4
5133,2
5134,2
5139,4
5142,4
5145,2
5146,2
5151,6
5157,2
5161,2
5162,2
5164,4
5166,4
5170,8
5174,2
5177,6
5179,6
6004,52
6011,4
6012,25
6018,11
6023,4
6027,13
6029,20
6030,23
6032,20
6033,3
6035,2
6036,2
6044,5
6062,2
6064,2
6067,2
6069,28
6079,6
6083,26
6085,89
6086,4
6088,243
6089,2
6099,1
6104,8
6113,6
6128,1
6130,2
6132,2
6136,6
6140,2
6150,27
6152,17
6155,5
6157,2
6161,25
6162,4
6163,4
7002,2
7005,2
7008,2
7009,2
7010,4
7011,2
7019,16
7024,1
7031,2
7034,2
7042,4
7051,2
7052,2
7053,2
7064,8
7066,2
7069,2
7070,2
7071,2
7072,2
7075,2
7076,2
7077,1
7078,25
7101,2
7102,4
7107,2
7110,3
7113,2
7115,2
7117,2
7119,2
7122,2
7126,6
7128,5
7129,4
7130,2
7132,2
7138,1
7142,2
7152,2
7153,2
7156,2
7157,2
7158,2
7161,2
7162,1
7168,2
7172,2
7181,2
7186,12
7191,2
7199,8
7201,6
7202,2
7203,2
7204,2
7207,2
7229,2
7231,12
7232,2
7235,2
7236,2
7240,2
7241,2
7245,2
7247,2
7259,2
7262,2
7267,2
7268,2
7273,1
7279,2
7281,8
7286,2
7288,2
7292,2
7294,2
7295,2
7300,2
7306,4
7308,2
7309,2
7313,2
7316,2
7319,4
7322,2
7324,4
7325,2
7328,2
7329,2
7330,8
7331,2
7334,5
7337,2
7338,2
7339,2
7341,2
7343,2
7346,2
7347,2
7348,2
7349,2
8024,2
8025,2
8081,4
8084,2
8089,2
8090,10
8105,36
8111,2
8116,4
8122,2
8145,2
8185,2
8190,6
8198,2
8218,2
8222,2
8239,2
8248,2
8254,2
8262,2
8264,2
8276,2
8282,2
8284,4
8297,2
8302,2
8303,2
8311,2
8341,4
8346,4
8354,2
8357,2
8361,2
8362,22
8363,4
8365,2
8367,2
8370,2
8381,5
8402,8
8409,16
8419,2
8420,2
8448,2
8490,4
8497,4
9004,1
9012,2
9029,2
9032,5
9042,3
9047,2
9085,2
9105,2
9107,2
9122,15
9124,2
9157,4
9160,4
9167,4
9176,2
9181,2
9182,2
9185,4
9194,3
9206,2
9207,2
9224,2
9225,15
9235,2
9238,2
9246,2
9257,2
9261,4
9265,4
9268,4
9282,6
9285,2
9306,10
9324,2
9332,11
9334,2
10003,6
10005,2
10006,9
10012,3
10018,5
10023,2
10030,23
10031,2
10033,18
10034,6
10035,2
10037,2
10040,2
10041,2
10042,2
10051,2
10053,2
10060,2
10061,2
10064,9
10067,15
10068,2
10076,2
10080,5
10081,16
10083,2
10084,4
10089,2
10090,2
10091,2
10094,2
10096,2
10099,2
10102,2
10111,2
10115,2
10116,2
10120,2
10123,4
10124,2
10131,2
10132,2
10139,2
10140,2
10141,2
10143,2
10145,2
10148,2
10156,2
10162,8
10164,2
10165,2
10166,2
10167,2
10170,5
10172,2
10175,2
10178,2
10179,2
10187,4
10190,2
10191,6
10196,2
10199,2
10209,4
10213,7
10216,4
10220,7
10224,2
10231,2
10233,2
10238,2
10242,2
10249,2
10258,2
10261,2
10262,2
10267,2
10268,12
10280,2
10282,2
10284,2
10287,5
10288,2
10289,2
10295,2
10297,8
10299,2
10313,2
10314,2
10317,4
10321,3
10323,20
10325,8
10328,2
10333,28
10335,2
10336,2
10341,2
10344,2
10349,2
10351,2
10352,2
10353,2
10357,7
10358,2
10359,2
10362,10
10363,2
10367,2
10368,2
10372,2
10375,2
10380,2
10381,6
10387,46
10401,9
10412,1
10418,2
10419,2
10420,2
10423,2
10427,2
10430,2
10437,2
10442,2
10444,7
11009,4
11012,2
11018,34
11021,4
11024,2
11033,2
11034,2
11040,3
11041,2
11049,4
11055,2
11056,2
11068,15
11069,91
11076,23
11081,2
11086,2
11090,2
11091,4
11103,2
11106,6
11115,4
11116,2
11122,2
11123,2
11129,2
11136,2
11138,2
11140,2
11145,6
11150,2
11164,2
11170,25
11172,2
11185,4
11188,25
11190,2
11192,2
11194,2
11202,15
11205,2
11206,11
11209,2
11254,2
11255,2
11260,2
11262,59
11266,6
11267,2
11272,2
11280,2
11285,2
11288,2
11289,2
11293,2
11295,4
11302,4
11303,2
11304,3
11310,3
11320,2
11322,2
11332,3
11344,2
11353,2
11360,2
11361,2
11367,4
11369,5
11370,16
11371,2
11379,4
11397,16
11401,2
11405,2
11418,2
11425,2
11429,2
11433,3
11434,2
11435,2
11437,2
11441,2
12003,2
12006,2
12011,2
12013,2
12021,6
12023,2
12025,2
12026,2
12028,2
12030,2
12033,2
12036,2
12038,1
12043,2
12044,2
12052,2
12054,2
12056,3
12057,2
12061,2
12062,2
12063,2
12066,2
12067,2
12071,2
12072,4
12076,6
12077,2
12080,2
12083,4
12084,3
12085,2
12089,6
12092,2
12093,2
12094,2
12095,2
12096,2
12098,2
12100,2
12101,2
12105,2
12110,2
12115,6
12119,6
12120,3
12121,2
12127,2
12129,2
12130,2
12133,8
12134,2
12138,2
12145,10
12147,2
12148,2
12154,2
12159,2
12160,1
12162,2
12164,6
12167,2
12168,2
12169,2
12172,2
12174,2
12176,35
12183,2
12185,2
12197,2
12198,2
12199,2
12202,6
12206,2
12208,5
12209,2
12212,2
12213,2
12214,2
12216,2
12217,2
12220,2
12223,2
12224,4
12225,2
12231,2
12232,2
12237,2
12244,2
12250,2
12251,2
12253,2
12258,2
12262,2
12265,2
12266,2
12270,13
12281,2
12295,2
12299,2
12300,12
12301,2
13001,129
13002,8
13003,2
13004,26
13005,25
13006,2
13007,6
13008,2
13009,2
13010,2
13011,2
13014,4
13015,56
13016,4
13017,2
13018,2
13019,8
13021,5
13022,8
13023,4
13024,2
13025,2
13026,10
13027,10
13028,46
13029,2
13030,2
13031,2
13032,2
13033,2
13034,7
13035,2
13036,5
13037,8
13038,2
13039,4
13040,7
13041,12
13042,6
13043,5
13044,4
13045,4
13046,2
13047,68
13048,2
13049,2
13050,2
13051,12
13052,3
13053,7
13054,73
13056,19
13057,2
13058,8
13059,15
13060,7
13061,2
13062,2
13063,30
13064,2
13065,2
13066,2
13068,2
13069,2
13070,4
13071,41
13072,2
13073,26
13074,2
13075,8
13076,12
13077,24
13078,4
13079,2
13080,2
13081,10
13082,4
13083,4
13084,2
13085,4
13086,6
13087,40
13088,10
13089,2
13091,2
13092,8
13093,4
13094,6
13095,4
13096,5
13097,4
13098,2
13099,2
13100,14
13101,2
13102,19
13103,61
13104,2
13105,2
13106,2
13107,2
13108,2
13109,8
13110,2
13111,2
13112,2
13113,2
13114,5
13115,2
13116,2
13117,130
13118,2
13119,2
13201,37
13202,29
13203,10
13204,16
13205,22
13206,40
13207,26
13208,38
13209,34
13210,40
13211,28
13212,34
13213,36
13214,23
13215,42
13216,15
14005,2
14006,2
14014,2
14016,5
14020,2
14021,2
14024,4
14027,2
14035,5
14046,2
14047,30
14057,2
14060,2
14061,11
14062,2
14066,4
14068,23
14069,1
14070,2
14076,4
14077,2
14079,2
14083,2
14085,2
14098,6
14100,2
14101,5
14117,28
14118,82
14119,2
14120,2
14121,2
14126,2
14127,2
14137,10
14143,8
14160,2
14162,2
14165,2
14166,2
14167,17
14174,8
14177,2
14181,2
14182,2
14190,2
14191,12
14200,6
14202,6
14215,2
14221,2
14225,10
14228,7
14229,8
14236,2
14242,2
14243,4
14257,4
14258,14
14266,2
14269,2
14271,2
14274,2
14275,4
14301,12
14303,12
14309,2
14310,2
14311,2
14312,2
14319,2
14325,4
14326,20
14327,49
14333,34
14338,2
14341,6
14342,2
14345,2
14347,4
14349,2
14354,2
14365,2
14366,31
14369,4
14370,6
14371,4
14383,2
14384,9
14396,2
14403,2
14407,2
14409,2
14410,2
14421,2
14431,8
14437,64
14452,2
14456,6
14460,2
14466,2
14474,5
14475,2
14478,8
14487,6
14488,10
14514,7
14515,12
14516,2
14530,2
14536,6
14538,2
14543,4
14557,5
14558,2
14562,4
14563,2
14566,8
14570,2
14572,3
14574,4
14578,2
14589,2
14591,2
14592,3
14610,5
14630,2
14645,1
14654,15
14658,10
14659,2
14663,7
14666,2
14675,4
14676,2
14679,2
14682,2
14685,2
14689,6
14692,5
14699,8
14701,3
14711,4
14713,2
14714,2
14715,3
14719,2
14726,4
14738,2
14739,2
14740,2
14745,2
14752,6
14754,4
14755,2
14762,30
14764,2
15012,6
15014,29
15094,4
15119,3
15122,8
15127,4
15134,4
15138,2
15153,2
15162,2
15196,4
15219,2
15258,2
16015,13
16028,6
16031,5
16055,2
16056,1
16070,2
16078,59
16085,2
16089,14
16106,4
16113,3
16154,4
16166,4
16192,3
16280,4
16287,2
16292,14
16358,9
17008,10
17010,29
17019,2
17024,2
17028,3
17038,16
17051,3
17058,12
17072,1
17094,3
17106,4
17132,1
17140,7
17147,1
17157,20
17161,2
17168,2
17172,4
17179,2
17197,12
17200,10
17219,10
17225,18
17228,2
17232,1
17235,1
17242,1
17269,4
17274,4
17286,4
17291,26
17298,1
17299,18
17300,52
17306,16
17323,7
17333,5
17336,1
17337,4
17338,1
17347,4
17349,4
17354,13
17360,2
17369,8
17373,2
17380,2
17385,6
17415,50
17434,14
17441,2
17452,8
17453,4
17463,5
18003,2
18004,2
18007,2
18011,2
18015,4
18018,4
18021,2
18023,2
18026,2
18027,2
18030,2
18031,2
18032,2
18033,80
18035,2
18037,2
18043,2
18047,2
18050,12
18052,2
18055,2
18057,2
18058,2
18059,2
18065,2
18075,2
18082,2
18083,2
18087,10
18088,2
18091,12
18092,2
18096,2
18097,2
18103,2
18108,4
18109,8
18118,2
18125,2
18126,2
18138,6
18139,2
18140,2
18141,5
18145,2
18147,2
18148,2
18159,2
18160,2
18165,2
18171,2
18172,2
18180,2
18187,2
18191,2
18192,2
18194,2
18197,10
18205,27
18207,4
18213,2
18215,2
18218,2
18223,6
18233,2
18237,2
18240,2
18241,2
18242,2
18255,2
18263,2
18267,2
18268,2
18269,2
18270,2
18272,2
18278,2
18279,18
19007,8
19010,4
19031,49
19057,4
19063,4
19073,2
19076,2
19123,8
19129,8
19134,4
19141,4
19147,2
19153,6
19229,18
19269,2
19272,2
19275,8
19287,19
21003,4
21023,2
21038,2
21043,2
21054,103
21071,2
21086,2
21087,20
21111,37
21150,2
21152,2
21154,2
21166,54
21171,6
21200,2
21223,8
21231,80
21244,6
21247,2
21277,2
21292,4
21295,28
21298,22
21301,12
21317,2
21347,5
21355,14
21390,5
21405,27
21412,2
21425,4
21442,2
21461,2
21464,38
21492,2
21495,8
21496,2
21501,2
21515,23
21532,2
21554,2
21573,2
21577,22
21582,4
21584,11
21590,16
21599,2
21603,2
21606,5
21607,2
21611,2
21632,2
21638,2
21663,2
21684,8
21710,2
21714,3
22002,4
22004,5
22005,4
22013,4
22014,2
22015,2
22020,4
22021,4
22025,4
22026,4
22028,4
22029,2
22031,2
22032,7
22034,4
22040,4
22042,4
22046,14
22047,4
22048,2
22050,15
22052,2
22053,4
22054,6
22055,16
22056,4
22059,4
22061,4
22064,4
22067,4
22070,20
22072,2
22076,2
22081,4
22082,4
22084,6
22091,4
22093,32
22094,4
22101,4
22105,4
22106,20
22107,4
22113,30
22114,4
22115,4
22116,2
22118,4
22121,12
22122,4
22127,4
22131,2
22132,2
22134,4
22135,4
22136,10
22137,4
22138,4
22143,5
22145,4
22147,6
22152,1
22153,4
22155,4
22157,2
22158,4
22161,4
22162,28
22164,4
22166,4
22168,8
22170,4
22171,4
22172,8
22175,4
22176,4
22178,4
22180,4
22182,4
22183,4
22185,2
22186,8
22187,40
22190,4
22193,2
22194,9
22195,4
22197,4
22198,13
22201,4
22203,4
22204,4
22206,12
22207,10
22208,8
22209,4
22210,4
22211,4
22212,4
22213,12
22214,3
22215,16
22216,2
22218,4
22219,2
22220,6
22221,4
22222,4
22225,4
22226,5
22228,4
22229,2
22232,4
22233,4
22234,4
22237,4
22239,4
22241,4
22242,4
22249,2
22250,4
22251,8
22256,4
22258,4
22259,6
22262,8
22263,4
22264,8
22266,15
22272,4
22273,5
22277,8
22278,33
22279,10
22282,4
22283,4
22294,2
22296,4
22299,2
22302,4
22305,7
22307,2
22308,4
22319,4
22321,4
22325,8
22330,4
22333,4
22337,2
22339,10
22340,2
22343,4
22348,2
22353,4
22358,4
22360,26
22362,4
22363,3
22369,2
22372,4
22377,4
22379,4
22384,4
22385,4
22386,2
22387,4
22389,12
22391,4
23008,3
23032,4
23067,1
23093,1
23096,24
23165,1
24011,2
24023,10
24037,20
24053,20
24063,1
24067,4
24087,2
24102,7
24106,2
24150,2
24161,6
24256,5
24276,2
24294,6
24311,4
24312,9
24316,2
24322,3
24372,8
24442,4
24461,4
24510,4
24516,2
24520,27
24547,4
24551,4
24552,1
24557,28
25015,3
25020,4
25021,2
25022,2
25031,7
25047,11
25051,2
25056,53
25084,2
25089,1
25112,14
25147,6
25196,2
25204,2
25212,32
25214,4
25222,3
25228,2
25258,10
25259,2
25271,2
25309,1
25315,5
25321,2
25326,2
25334,2
25361,2
25367,2
25368,37
25381,10
25388,14
25390,2
25411,10
25413,2
25424,4
25434,4
25442,2
25453,2
25462,28
25463,3
25495,2
25508,4
25517,2
25519,3
25525,2
25527,4
25529,2
25542,1
25555,2
25561,2
25567,3
25578,14
25580,4
25601,2
25604,5
25614,4
26001,2
26004,16
26005,16
26006,2
26010,2
26011,4
26033,4
26034,24
26037,4
26038,2
26045,2
26049,2
26056,2
26057,6
26058,58
26063,4
26064,6
26074,4
26081,2
26083,2
26084,4
26085,6
26088,2
26095,2
26106,2
26108,8
26113,8
26114,3
26116,2
26119,2
26121,2
26124,2
26139,2
26144,2
26146,12
26148,2
26155,2
26160,1
26162,2
26165,2
26166,2
26167,2
26168,2
26169,4
26176,2
26183,4
26188,2
26191,2
26193,2
26196,2
26197,6
26198,65
26208,2
26210,2
26211,2
26212,2
26213,2
26215,2
26220,15
26221,1
26231,2
26235,20
26250,38
26252,16
26264,2
26271,2
26275,2
26281,20
26288,3
26289,2
26295,2
26301,22
26304,2
26307,2
26311,2
26313,2
26315,2
26320,2
26321,2
26324,6
26325,27
26326,2
26330,2
26332,2
26333,2
26336,2
26337,2
26340,2
26345,2
26347,10
26348,2
26357,5
26360,2
26362,86
26364,2
26369,2
26377,4
26379,2
27008,2
27016,17
27017,1
27022,2
27026,2
27049,6
27051,2
27052,2
27056,10
27065,21
27070,2
27082,2
27090,2
27091,16
27103,10
27105,2
27107,2
27108,2
27112,4
27116,9
27117,2
27119,2
27151,6
27157,2
27165,22
27169,1
27170,4
27191,2
27198,6
27203,152
27213,3
27214,8
27218,2
27226,2
27229,69
27230,2
27245,2
27246,6
27275,10
27278,5
27279,2
27284,8
27285,4
27299,6
27306,26
27310,3
27322,2
27332,4
27336,2
27339,2
27348,8
27351,8
27365,2
27367,2
27375,16
27377,2
27378,10
27380,6
27398,3
27414,2
27425,2
27428,12
27431,2
27438,4
27439,38
27448,2
27453,1
27458,10
27467,10
27469,2
27485,2
27493,2
27496,2
27500,2
27502,2
27507,2
27517,4
27524,2
27528,2
27542,2
27547,2
27562,6
27582,2
27587,2
27593,2
27598,2
27602,2
27622,2
27629,4
27638,4
27643,2
27672,2
27679,20
27681,29
27684,6
27697,32
27701,35
28005,1
28007,6
28012,6
28015,7
28018,2
28024,46
28027,1
28031,1
28033,2
28039,1
28047,1
28051,7
28059,1
28061,7
28062,1
28075,4
28079,1
28085,71
28088,12
28089,2
28096,1
28103,2
28105,1
28109,2
28113,1
28116,2
28122,1
28123,24
28127,1
28130,2
28134,13
28140,5
28149,1
28158,2
28161,3
28164,17
28168,2
28171,2
28173,16
28176,1
28183,1
28191,14
28196,2
28199,2
28202,2
28214,5
28220,9
28223,1
28227,2
28229,8
28233,1
28236,9
28256,1
28259,1
28278,12
28279,2
28280,5
28287,1
28291,1
28298,4
28302,1
28330,3
28332,2
28334,1
28337,1
28348,5
28357,1
28359,1
28363,1
28364,5
28368,1
28373,3
28377,1
28380,1
28382,1
28385,1
28387,1
28393,1
28394,2
28400,1
28401,4
28404,19
28405,1
28415,1
28422,5
28424,1
28426,1
29001,4
29002,4
29003,6
29004,8
29005,4
29006,12
29008,4
29011,2
29015,4
29016,4
29019,80
29020,4
29021,4
29022,4
29023,4
29024,16
29025,4
29026,22
29027,8
29028,4
29030,8
29031,4
29032,4
29037,4
29038,4
29039,26
29040,4
29041,4
29042,39
29043,6
29044,4
29045,4
29046,40
29048,4
29049,4
29051,10
29053,4
29055,4
29056,4
29057,4
29058,8
29060,4
29061,42
29063,4
29067,8
29069,8
29071,4
29072,4
29073,4
29075,26
29076,4
29077,4
29078,4
29081,4
29085,4
29086,4
29087,4
29091,4
29095,4
29098,4
29101,4
29103,12
29105,44
29106,2
29108,4
29109,4
29112,4
29113,4
29115,4
29117,8
29119,8
29120,4
29122,4
29124,4
29125,2
29130,4
29134,7
29135,4
29136,4
29140,4
29146,8
29147,8
29150,4
29151,31
29153,4
29155,2
29158,4
29160,12
29161,12
29162,14
29163,4
29165,4
29167,4
29169,4
29170,4
29171,10
29172,4
29173,4
29174,8
29175,4
29176,4
29177,8
29178,8
29179,8
29182,4
29183,4
29184,4
29185,4
29186,4
29188,4
29189,18
29190,8
29191,4
29193,4
29195,8
29196,4
29197,4
29198,6
29199,4
29201,4
29204,4
29206,4
29207,4
29208,4
29209,4
29210,4
29212,10
29213,4
29215,4
29216,4
29217,10
29218,8
29220,16
29221,4
29224,4
29226,4
29229,4
29230,4
29232,99
29233,22
29234,4
29235,8
29236,6
29237,4
29239,10
29241,8
29247,4
29249,6
29254,4
29257,4
29259,28
29260,8
29263,4
29265,4
29266,4
29267,4
29269,4
29271,2
29272,4
29273,4
29274,8
29275,4
29276,4
29277,4
29280,4
29284,4
29290,4
29291,4
29293,14
29297,4
29900,2
30003,13
30004,2
30006,7
30007,47
30008,2
30009,2
30010,9
30011,6
30012,2
30014,2
30019,2
30020,2
30022,2
30027,2
30028,11
30029,3
30032,20
30033,2
30034,4
30036,2
30040,2
30041,2
30042,2
30047,2
30051,2
30055,2
30061,8
30073,2
30076,2
30081,2
30082,2
30083,2
30084,4
30085,2
30090,2
30091,2
30096,2
30099,1
30100,2
30103,2
30105,2
30107,1
30111,2
30117,4
30123,2
30125,2
30126,2
30127,2
30128,4
30130,2
30132,2
30133,31
30138,8
30139,2
30140,2
30141,2
30145,2
30146,2
30147,2
30151,2
30152,2
30155,2
30156,22
30159,2
30164,2
30166,2
30169,8
30170,2
30174,2
30178,2
30179,2
30185,2
30189,206
30191,2
30200,2
30202,5
30206,2
30209,2
30212,10
30217,10
30221,2
30223,2
30227,3
30229,1
30231,2
30241,2
30243,6
30249,2
30254,2
30255,6
30257,2
30258,6
30263,2
30266,2
30269,2
30274,2
30276,2
30278,2
30281,2
30284,6
30285,2
30286,2
30287,2
30290,2
30294,2
30295,2
30302,1
30305,2
30307,2
30310,2
30311,2
30312,2
30315,2
30321,14
30326,14
30334,22
30336,2
30339,2
30340,2
30341,4
30342,2
30344,4
30346,2
30348,2
30349,2
30350,4
30351,3
30352,4
30355,2
31004,2
31009,2
31020,2
31022,2
31027,2
31028,2
31032,2
31033,2
31035,2
31037,11
31042,10
31044,36
31045,2
31048,16
31050,2
31056,2
31057,2
31066,2
31069,93
31073,2
31078,2
31079,2
31080,2
31082,2
31084,2
31088,2
31089,2
31091,6
31094,4
31098,2
31100,2
31104,20
31106,2
31107,2
31113,6
31116,2
31117,2
31118,14
31122,2
31126,2
31135,2
31144,2
31145,2
31149,79
31150,19
31157,4
31161,51
31162,4
31163,2
31165,2
31167,2
31169,27
31175,8
31181,2
31182,15
31184,2
31186,2
31187,2
31188,2
31192,2
31193,2
31200,2
31202,2
31203,2
31205,2
31210,4
31224,7
31229,2
31230,2
31232,4
31239,2
31248,4
31254,102
31255,2
31261,2
31263,2
31271,2
31275,2
31281,2
31282,2
31286,2
31287,2
31291,6
31293,2
31299,2
31303,2
31324,2
31326,2
31341,2
31344,2
31351,2
31356,2
31358,2
31364,2
31375,2
31383,2
31389,6
31390,4
31395,7
31396,2
31399,2
31410,2
31416,2
31417,6
31420,2
31421,2
31424,2
31433,42
31436,2
31445,3
31446,16
31451,11
31454,4
31455,4
31460,2
31462,2
31466,2
31467,2
31475,2
31476,2
31478,2
31480,6
31481,2
31483,10
31488,18
31490,2
31499,6
31506,8
31517,2
31523,2
31526,2
31541,2
31544,2
31547,4
31551,2
31555,846
31557,6
31561,2
31562,2
31564,2
31565,2
31569,1
31572,2
31573,2
31575,2
31582,8
31584,2
31587,2
31588,2
32001,2
32013,50
32027,2
32083,2
32096,7
32103,2
32106,2
32107,11
32119,6
32132,7
32133,2
32147,2
32149,2
32155,1
32160,2
32162,2
32173,2
32194,2
32208,2
32213,2
32215,1
32233,2
32242,2
32249,2
32252,2
32253,2
32256,6
32268,1
32285,2
32290,2
32296,11
32307,2
32319,3
32331,2
32344,10
32345,2
32365,2
32370,2
32395,1
32410,2
32412,2
32426,2
32433,2
32459,2
32462,2
32464,1
33009,10
33011,6
33012,4
33013,16
33015,8
33020,4
33032,2
33036,6
33039,37
33051,10
33056,16
33058,3
33063,276
33069,14
33075,17
33090,9
33095,6
33104,4
33119,16
33122,40
33138,18
33162,4
33165,6
33167,10
33191,1
33192,14
33193,4
33199,6
33200,20
33214,2
33220,2
33222,2
33227,27
33234,3
33236,6
33240,22
33243,24
33249,19
33256,4
33274,8
33279,40
33281,151
33284,26
33312,2
33314,4
33318,47
33322,4
33324,6
33333,1
33342,4
33352,6
33366,8
33376,6
33391,1
33397,6
33422,4
33437,4
33449,32
33452,15
33490,1
33502,28
33514,4
33522,6
33529,21
33535,1
33540,3
33550,32
34001,2
34003,48
34009,2
34010,2
34022,12
34023,2
34024,24
34025,2
34028,3
34031,4
34032,156
34037,12
34038,2
34039,2
34042,6
34050,2
34052,4
34057,9
34058,8
34060,2
34063,2
34064,1
34069,2
34071,2
34073,2
34074,2
34077,4
34078,2
34079,8
34081,2
34082,1
34087,2
34088,2
34090,10
34094,2
34095,43
34108,11
34111,7
34113,2
34114,10
34116,7
34120,5
34123,2
34126,6
34127,2
34128,4
34129,38
34134,2
34135,2
34139,4
34140,2
34141,2
34142,3
34143,2
34144,2
34145,10
34146,6
34147,4
34148,2
34150,4
34154,24
34157,12
34159,2
34161,2
34162,2
34163,6
34165,2
34166,36
34169,2
34172,188
34173,1
34175,3
34176,2
34178,8
34182,1
34183,6
34187,2
34189,2
34192,7
34198,30
34199,22
34202,1
34203,2
34207,2
34208,2
34209,13
34210,2
34211,2
34213,3
34217,1
34219,2
34224,4
34239,8
34240,10
34244,4
34245,2
34247,16
34255,6
34257,2
34259,2
34265,2
34267,2
34270,38
34274,2
34276,3
34277,2
34281,2
34284,2
34289,8
34293,2
34296,2
34298,2
34299,12
34300,2
34301,32
34309,14
34310,6
34318,4
34320,2
34321,2
34324,6
34325,2
34327,6
34329,12
34332,9
34333,4
34336,16
34337,4
34340,9
34341,3
34344,21
35001,3
35004,3
35006,3
35012,10
35013,3
35014,3
35019,3
35021,4
35023,3
35024,3
35031,3
35033,3
35037,3
35040,3
35047,8
35049,2
35051,29
35055,3
35066,7
35068,24
35069,9
35070,3
35085,17
35090,3
35093,9
35095,13
35096,13
35098,3
35105,4
35109,3
35115,35
35120,2
35124,3
35125,11
35126,6
35127,3
35133,3
35135,3
35136,12
35139,1
35150,3
35152,3
35162,3
35167,3
35168,3
35173,7
35176,3
35177,1
35179,3
35183,4
35184,3
35188,3
35189,2
35191,3
35193,3
35196,11
35206,11
35207,5
35210,5
35219,3
35220,3
35221,3
35222,3
35223,3
35227,4
35228,3
35236,10
35238,73
35239,3
35240,5
35241,7
35243,3
35251,3
35253,3
35256,8
35257,10
35263,3
35265,3
35271,3
35273,3
35275,10
35278,22
35281,15
35284,4
35287,3
35288,42
35297,9
35299,3
35306,6
35308,3
35310,3
35326,3
35328,3
35334,3
35337,3
35347,3
35352,19
35353,9
35360,18
35361,3
36006,2
36018,14
36044,22
36046,2
36057,2
36063,22
36088,21
36101,2
36154,2
36159,2
36202,16
36244,1
37002,2
37003,16
37005,4
37006,2
37008,6
37009,3
37010,1
37011,2
37013,2
37014,7
37015,2
37016,2
37018,14
37020,4
37021,4
37022,6
37023,2
37026,2
37027,8
37028,2
37029,2
37031,8
37032,2
37033,2
37034,2
37039,2
37043,2
37044,2
37045,2
37046,6
37049,2
37050,31
37054,2
37056,2
37057,2
37058,5
37059,2
37060,2
37061,2
37062,2
37063,6
37064,4
37067,2
37068,2
37072,14
37074,2
37075,2
37077,4
37079,4
37081,2
37082,2
37084,4
37085,2
37087,2
37089,1
37091,2
37093,2
37094,2
37095,2
37096,2
37098,2
37099,33
37100,4
37101,2
37104,6
37105,2
37109,12
37110,2
37111,2
37112,4
37113,2
37115,2
37116,2
37119,2
37121,2
37122,26
37123,1
37124,4
37125,2
37127,2
37128,2
37129,2
37130,2
37132,12
37133,6
37139,2
37140,2
37141,2
37142,2
37143,2
37148,4
37150,2
37151,6
37152,4
37153,15
37154,6
37156,14
37158,2
37159,2
37161,2
37163,8
37165,2
37166,4
37167,6
37168,2
37170,2
37171,2
37172,4
37175,2
37176,2
37179,6
37180,2
37182,2
37183,10
37184,4
37185,4
37187,2
37189,2
37191,2
37192,2
37193,2
37195,28
37196,2
37197,2
37200,2
37204,2
37205,2
37206,2
37207,2
37208,6
37211,4
37213,2
37214,26
37216,16
37218,2
37221,2
37222,2
37223,2
37224,2
37225,2
37226,7
37228,2
37229,2
37232,10
37233,26
37237,2
37238,2
37241,2
37242,2
37243,2
37245,2
37247,2
37249,5
37250,10
37252,2
37253,6
37254,2
37256,1
37257,2
37260,4
37261,59
37264,2
37266,4
37267,2
37269,2
37272,2
37273,6
37274,2
37276,2
37281,2
37282,2
38001,12
38002,2
38003,2
38004,2
38005,2
38006,2
38012,3
38020,2
38022,2
38026,2
38034,2
38039,2
38044,2
38045,6
38052,4
38053,69
38059,2
38065,2
38067,2
38069,2
38072,13
38075,8
38080,2
38082,2
38085,6
38087,15
38090,2
38094,2
38095,2
38097,2
38100,2
38111,2
38113,2
38117,2
38126,4
38128,2
38129,2
38130,8
38133,2
38134,2
38136,2
38138,2
38140,8
38148,2
38150,2
38151,43
38155,2
38158,2
38161,2
38162,4
38169,20
38170,12
38174,2
38179,8
38181,2
38182,4
38184,2
38185,48
38186,2
38189,2
38191,17
38193,48
38199,2
38203,2
38204,2
38205,2
38206,2
38210,2
38212,2
38225,4
38226,2
38229,18
38230,2
38238,2
38239,3
38242,2
38243,2
38247,12
38249,14
38253,6
38257,1
38261,6
38264,2
38265,2
38269,3
38276,5
38292,2
38298,2
38304,2
38309,1
38314,3
38315,2
38316,2
38317,8
38318,12
38319,2
38320,2
38335,2
38336,16
38337,4
38341,2
38343,20
38344,26
38347,2
38349,2
38357,2
38359,2
38363,6
38374,2
38378,2
38382,19
38384,4
38386,2
38393,1
38394,2
38395,2
38397,2
38399,10
38401,4
38409,1
38412,2
38416,8
38421,23
38422,4
38423,2
38425,2
38431,20
38433,2
38439,2
38442,2
38446,2
38449,2
38450,2
38451,2
38457,2
38464,2
38465,4
38468,40
38469,2
38470,2
38471,2
38472,2
38474,12
38475,2
38480,2
38485,14
38486,22
38487,9
38501,2
38504,2
38507,6
38509,2
38513,2
38515,2
38516,5
38517,2
38518,2
38519,2
38524,4
38527,2
38528,2
38530,2
38536,2
38538,2
38543,2
38544,46
38545,4
38547,2
38548,10
38553,4
38559,2
38560,2
38562,7
38563,26
38565,14
38567,4
39013,6
39017,8
39024,20
39056,6
39059,2
39072,4
39097,6
39150,2
39170,1
39177,2
39189,1
39198,10
39207,2
39233,6
39258,2
39274,2
39300,16
39333,3
39362,4
39368,2
39411,7
39422,1
39470,2
39475,4
39478,6
39487,2
39552,4
39567,2
40001,32
40019,4
40036,7
40046,30
40065,4
40075,2
40077,4
40088,18
40108,6
40119,4
40120,22
40133,16
40134,16
40152,2
40179,1
40184,12
40187,7
40192,31
40217,4
40224,1
40233,1
40250,13
40261,2
40266,6
40274,2
40279,19
40281,6
40287,2
40304,3
40312,1
40322,2
40326,2
41010,2
41018,60
41025,2
41031,2
41032,2
41040,2
41043,2
41046,17
41047,4
41049,2
41050,2
41051,2
41055,4
41059,18
41067,4
41070,2
41074,2
41078,2
41083,2
41091,2
41095,2
41099,2
41104,2
41106,14
41110,2
41123,2
41130,2
41135,2
41136,14
41139,2
41143,2
41148,2
41149,12
41150,2
41151,4
41154,2
41155,2
41157,2
41158,2
41159,2
41161,2
41164,4
41167,8
41171,4
41173,4
41176,2
41180,2
41185,10
41194,44
41198,2
41199,10
41204,2
41211,2
41212,16
41220,6
41226,2
41232,6
41238,2
41239,2
41242,4
41243,2
41247,2
41248,2
41252,4
41256,2
41265,2
41269,22
41271,2
41275,2
41276,6
41280,2
41281,2
41282,2
41288,12
41294,2
41295,2
41297,2
42003,2
42005,16
42011,2
42015,2
42019,2
42022,6
42032,2
42043,5
42044,2
42052,4
42056,4
42059,8
42066,1
42069,2
42071,9
42078,2
42092,2
42094,33
42095,27
42096,2
42097,5
42099,2
42103,4
42110,3
42123,2
42127,30
42129,2
42130,17
42139,2
42140,8
42145,2
42147,12
42149,2
42150,4
42154,6
42156,6
42162,2
42163,2
42165,4
42166,2
42168,4
42170,4
42181,2
42182,4
42183,6
42184,14
42186,14
42187,68
42189,8
42199,2
42200,2
42204,2
42207,29
42208,2
42210,2
42218,235
42220,2
42222,8
42223,7
42224,2
42225,2
42231,2
42232,2
42234,2
42237,55
42253,2
42256,2
42259,4
42262,2
42271,2
42272,2
42275,19
42279,6
42283,2
42286,2
42287,2
42289,2
42295,6
42297,2
42299,18
42302,4
42304,2
42305,6
42312,4
42316,6
42318,2
42322,2
42323,2
42330,13
42332,10
42334,2
42337,2
42338,1
43002,2
43003,2
43010,2
43012,2
43020,2
43025,2
43033,2
43040,18
43041,2
43046,10
43048,2
43049,6
43051,2
43054,2
43062,2
43077,2
43078,2
43080,4
43087,2
43091,2
43112,2
43119,2
43120,12
43123,3
43137,7
43148,2
43150,2
43152,2
43154,2
43157,19
43159,2
43162,4
43172,2
43177,2
43185,2
43188,2
43190,8
43200,2
43205,2
43213,1
43216,2
43224,2
43234,2
43239,2
43244,2
43251,2
43262,3
43267,2
43268,8
44001,2
44002,3
44003,11
44005,4
44006,2
44007,2
44009,7
44010,2
44012,2
44013,2
44014,2
44015,15
44020,6
44021,2
44022,2
44023,2
44025,3
44026,23
44027,2
44028,2
44029,4
44030,2
44031,2
44032,2
44033,2
44036,13
44037,2
44038,2
44041,4
44043,25
44045,4
44046,2
44048,2
44049,2
44050,2
44051,6
44052,4
44053,2
44054,2
44055,108
44056,2
44057,2
44061,2
44062,2
44063,6
44064,2
44066,2
44067,5
44068,2
44069,17
44070,4
44071,4
44072,8
44073,5
44075,2
44077,2
44079,2
44081,13
44082,4
44083,2
44084,2
44087,3
44088,2
44089,2
44091,2
44096,2
44097,2
44098,4
44099,2
44101,4
44102,2
44103,6
44106,2
44107,2
44108,2
44109,58
44110,3
44111,2
44113,5
44114,29
44115,2
44116,2
44117,2
44119,2
44120,2
44122,2
44125,6
44126,2
44127,2
44128,2
44129,13
44130,5
44131,9
44132,9
44133,3
44135,10
44136,2
44137,2
44140,2
44142,2
44143,48
44144,2
44145,1
44146,2
44149,2
44150,2
44151,4
44152,10
44153,2
44154,13
44155,2
44156,2
44157,2
44158,22
44161,3
44162,39
44163,4
44164,2
44165,2
44168,2
44169,4
44172,7
44173,2
44174,2
44175,2
44176,2
44178,2
44179,2
44180,2
44182,2
44183,2
44184,36
44185,8
44186,4
44187,6
44188,6
44189,2
44190,2
44192,2
44193,2
44194,2
44195,13
44196,2
44197,2
44199,2
44201,4
44202,2
44203,2
44204,2
44205,2
44206,2
44209,9
44210,16
44211,4
44212,3
44213,15
44214,2
44215,4
44216,2
44217,5
44223,2
44224,2
45002,2
45004,18
45006,2
45008,2
45013,3
45024,13
45025,2
45028,16
45030,10
45034,2
45039,4
45040,4
45043,2
45053,4
45060,2
45061,2
45068,2
45072,2
45075,16
45082,4
45089,9
45092,2
45098,3
45100,2
45102,2
45104,2
45122,4
45129,4
45142,1
45145,8
45146,4
45147,14
45154,19
45155,4
45167,2
45169,15
45175,2
45182,2
45185,2
45187,4
45193,4
45194,2
45197,4
45202,6
45203,1
45208,2
45224,2
45229,2
45232,4
45234,52
45235,2
45247,2
45249,2
45252,4
45272,2
45273,4
45274,2
45282,2
45284,2
45285,2
45286,2
45298,2
45300,4
45302,52
45308,7
45312,3
45315,2
45317,1
45332,6
45338,2
45345,2
46015,2
46022,2
46028,2
46029,8
46040,2
46042,16
46045,2
46051,2
46055,4
46063,2
46064,4
46066,2
46073,2
46083,14
46087,2
46088,2
46089,2
46102,14
46106,2
46117,4
46127,6
46128,10
46138,10
46143,2
46144,2
46148,4
46149,2
46160,2
46170,2
46173,6
46176,2
46177,2
46184,2
46185,4
46189,2
46191,4
46192,2
46201,2
46224,2
46225,8
46228,2
46231,4
46240,10
46251,2
46256,6
46258,2
46265,1
46297,4
46309,12
46311,2
46317,2
46334,2
47001,26
47027,3
47031,5
47051,4
47065,4
47069,2
47086,1
47091,14
47143,6
47157,8
47159,12
47168,5
47185,10
47201,13
47238,20
47285,6
47306,2
47310,5
47323,18
47326,1
48002,6
48009,2
48012,3
48013,2
48021,2
48027,4
48031,2
48034,4
48039,2
48043,2
48045,2
48051,2
48061,2
48064,4
48070,2
48074,2
48080,2
48088,2
48090,2
48092,4
48094,2
48095,5
48096,5
48099,2
48104,2
48115,2
48116,2
48127,2
48128,1
48131,2
48132,2
48137,2
48140,4
48148,2
48155,2
48156,2
48194,2
48198,2
49002,2
49007,136
49008,3
49012,6
49015,13
49018,4
49020,26
49021,4
49022,3
49023,17
49026,2
49027,2
49035,4
49041,2
49048,2
49050,7
49054,2
49055,2
49063,2
49068,2
49069,15
49080,4
49086,2
49092,14
49099,60
49109,3
49110,5
49123,13
49125,7
49127,5
49129,5
49130,2
49132,3
49135,2
49140,2
49155,21
49160,2
49163,2
49167,4
49176,4
49178,3
49180,16
49183,4
49192,2
49193,2
49194,2
49200,6
49201,2
49214,4
49215,2
49218,10
49220,5
49221,2
49222,2
49223,8
49228,5
49241,2
49244,8
49246,10
49247,2
49248,7
49259,3
49260,5
49261,6
49267,10
49269,2
49271,2
49278,2
49283,2
49284,3
49292,2
49294,2
49298,14
49299,2
49301,17
49306,2
49307,12
49308,5
49323,16
49326,2
49328,30
49329,2
49331,17
49332,8
49333,2
49338,2
49339,2
49343,2
49345,2
49347,2
49353,12
49355,16
49361,2
49362,3
49364,3
49367,4
49368,2
49373,2
49377,4
49378,2
49381,2
50002,18
50003,2
50025,34
50029,2
50031,6
50041,4
50045,2
50066,2
50074,2
50076,2
50082,8
50087,2
50095,2
50099,22
50109,2
50111,2
50129,106
50137,6
50139,4
50147,13
50149,2
50151,8
50165,2
50168,2
50185,2
50188,2
50197,2
50214,6
50215,4
50218,30
50228,2
50231,2
50236,2
50237,2
50239,2
50256,4
50260,2
50267,11
50292,4
50294,2
50341,2
50349,5
50359,2
50391,4
50393,2
50394,6
50400,2
50401,2
50402,4
50403,2
50407,2
50409,2
50410,18
50412,2
50417,4
50419,2
50431,2
50433,2
50444,8
50448,8
50455,2
50473,2
50474,2
50475,1
50484,6
50487,2
50488,2
50492,2
50502,41
50523,9
50532,2
50539,2
50541,1
50543,3
50550,2
50551,2
50562,2
50565,4
50576,2
50582,2
50585,1
50591,2
50592,2
50601,7
50604,2
50615,4
50639,4
50647,3
51002,4
51009,2
51028,2
51029,2
51030,4
51043,2
51055,7
51058,4
51079,2
51099,2
51101,2
51105,2
51108,56
51115,8
51119,7
51136,2
51141,2
51162,2
51172,7
51188,2
51193,6
51204,2
51210,17
51217,8
51230,40
51231,2
51237,2
51242,2
51248,2
51250,8
51266,2
51269,4
51272,2
51277,2
51282,2
51287,2
51293,1
51308,6
51338,2
51352,2
51380,8
51381,2
51388,2
51416,4
51423,2
51428,24
51431,2
51436,2
51440,6
51454,112
51457,4
51461,2
51474,21
51492,2
51504,34
51506,29
51507,2
51525,2
51531,2
51535,2
51536,2
51545,9
51559,2
51562,4
51567,2
51569,10
51571,2
51573,26
51576,4
51588,8
51590,2
51599,1
51612,2
51614,2
51617,2
51624,2
51647,6
51649,22
51657,12
51662,4
51663,6
52017,6
52023,2
52050,2
52058,2
52060,4
52064,2
52093,2
52099,2
52105,2
52114,28
52121,36
52123,2
52140,2
52182,4
52194,2
52197,2
52211,2
52269,10
52292,2
52331,2
52332,26
52353,2
52380,2
52384,14
52398,2
52405,4
52423,2
52444,2
52448,8
52449,10
52504,2
52550,2
53001,2
53003,2
53007,2
53015,2
53016,2
53017,2
53018,2
53025,2
53034,14
53037,2
53054,21
53062,56
53077,2
53084,4
53096,8
53097,10
53100,2
53103,2
53107,2
53110,2
53121,2
53122,2
53123,2
53127,2
53130,59
53136,2
53137,2
53140,2
53146,2
53147,12
53152,7
53154,2
53161,4
53181,2
53185,2
53188,2
53201,34
53210,2
53211,2
53243,2
53246,2
53247,1
53255,2
53257,2
53264,2
53267,2
53271,2
53273,2
54008,2
54022,2
54029,10
54038,2
54039,5
54040,1
54051,9
54060,4
54061,2
54065,2
54076,2
54077,2
54079,2
54084,2
54099,8
54101,2
54111,2
54115,2
54116,2
54122,16
54125,2
54129,2
54135,2
54136,8
54138,3
54149,2
54150,2
54151,1
54152,2
54154,2
54157,8
54159,8
54174,6
54176,2
54181,2
54184,12
54196,2
54197,4
54199,2
54201,2
54206,2
54209,2
54217,2
54222,2
54227,4
54229,6
54243,2
54252,2
54255,2
54257,2
54260,2
54261,2
54263,6
54265,8
54273,6
54274,14
54280,2
54281,2
54284,2
54287,2
54292,2
54295,6
54297,2
54300,10
54303,2
54304,18
54312,15
54314,3
54320,16
54322,2
54323,2
54328,5
54329,17
54331,2
54349,2
54350,2
54353,2
54357,16
54362,2
54365,2
54373,8
54382,8
54393,2
54395,146
54397,2
54422,2
54425,2
54430,2
54431,40
54439,8
54442,4
54449,2
54450,2
54472,2
54482,2
54483,8
54519,2
54520,2
54521,2
54526,15
54528,18
54533,4
54536,2
54539,2
54543,2
54547,30
54549,2
54550,2
54555,2
54560,2
54563,2
54578,22
54580,6
54585,4
54588,2
54595,2
55010,2
55029,28
55043,10
55063,2
55073,4
55087,2
55105,1
55117,2
55122,20
55124,2
55144,2
55145,2
55154,2
55167,2
55181,2
55198,2
55215,2
55236,5
55237,16
55254,4
55268,2
55291,2
55296,2
55348,2
55351,2
55386,2
55463,4
55467,2
55498,2
55500,2
55502,8
55516,2
55517,2
55532,2
55533,2
55545,29
55551,2
55573,2
55584,2
56001,8
56003,10
56004,8
56005,8
56006,4
56007,18
56008,12
56010,12
56013,4
56014,4
56017,4
56023,6
56024,4
56026,4
56028,4
56029,4
56030,4
56031,4
56033,4
56034,15
56036,9
56040,4
56042,4
56044,4
56046,2
56052,4
56053,6
56054,4
56055,4
56057,6
56058,4
56060,4
56061,4
56063,4
56066,4
56067,4
56069,4
56070,4
56071,4
56073,4
56074,4
56075,10
56076,4
56077,5
56078,20
56079,1
56080,4
56081,2
56083,5
56087,10
56089,4
56090,4
56091,6
56094,4
56096,4
56097,4
56098,44
56100,4
56101,4
56104,4
56107,12
56110,4
56111,4
56112,4
56113,4
56114,4
56115,4
56116,4
56117,8
56118,4
56119,4
56120,4
56121,100
56123,5
56124,12
56126,4
56127,4
56128,4
56129,4
56130,4
56131,4
56132,4
56134,2
56137,4
56140,7
56141,4
56143,4
56144,2
56149,4
56151,8
56152,24
56153,4
56154,4
56155,4
56157,4
56158,4
56159,4
56160,4
56161,4
56162,24
56164,8
56165,25
56166,8
56167,4
56168,9
56169,4
56170,4
56172,4
56173,8
56174,4
56176,4
56177,4
56178,28
56179,4
56181,4
56182,4
56184,12
56185,4
56186,10
56188,4
56189,4
56193,4
56194,4
56195,4
56197,4
56198,4
56199,4
56200,4
56204,4
56206,4
56207,4
56209,4
56212,4
56213,4
56214,4
56215,4
56218,4
56222,4
56227,4
56228,4
56231,4
56232,4
56233,4
56234,10
56238,4
56240,18
56241,8
56243,5
56244,4
56247,4
56248,4
56251,11
56252,4
56254,4
56255,4
56257,4
56258,6
56260,137
56261,5
56262,4
56263,8
56264,4
57003,2
57017,4
57019,16
57021,4
57038,3
57039,15
57041,2
57058,1
57064,2
57073,9
57089,24
57097,8
57106,6
57119,2
57123,2
57132,2
57153,2
57159,4
57160,22
57177,2
57206,15
57207,4
57209,14
57210,2
57212,4
57221,2
57224,2
57227,24
57240,10
57242,6
57250,2
57260,3
57269,1
57283,12
57287,2
57289,8
57302,3
57303,40
57306,8
57314,2
57323,8
57330,2
57332,2
57336,2
57340,1
57350,8
57351,4
57360,2
57382,2
57383,1
57409,4
57412,6
57413,21
57414,2
57415,3
57422,4
57443,6
57447,8
57449,2
57452,16
57463,133
57469,2
57474,4
57480,4
57483,2
57484,3
57487,2
57488,2
57505,2
57511,4
57515,2
57529,2
57533,4
57535,7
57537,1
57540,20
57543,4
57544,2
57549,2
57550,4
57556,2
57561,2
57566,2
57571,2
57572,2
57575,2
57582,3
57589,2
57591,14
57606,22
57616,4
57620,9
57622,16
57623,2
57624,2
57628,4
57630,73
57631,51
57642,8
57645,5
57649,2
57654,4
57657,2
57660,2
57661,2
57663,12
57666,8
57672,68
57677,6
57680,6
57690,12
57702,2
57751,34
57752,2
57757,2
58010,2
58036,2
58041,2
58046,2
58059,4
58062,2
58063,7
58065,2
58079,4
58083,2
58086,8
58088,6
58095,6
58102,4
58104,2
58118,2
58134,2
58145,2
58146,2
58149,8
58151,2
58152,8
58160,20
58180,2
58194,45
58210,2
58214,2
58218,2
58223,2
58227,2
58232,2
58238,4
58246,2
58250,2
58264,6
58267,2
58271,4
58273,2
58286,2
58293,2
58295,7
58303,7
58304,2
59003,2
59008,6
59009,63
59011,8
59013,2
59014,10
59015,2
59016,4
59017,26
59018,3
59021,2
59024,2
59025,2
59028,7
59032,46
59033,12
59034,2
59037,4
59041,6
59043,9
59044,2
59051,4
59052,4
59053,8
59054,5
59056,2
59064,14
59068,2
59072,2
59076,2
59077,2
59079,2
59082,3
59084,3
59086,3
59087,6
59088,6
59089,3
59090,4
59098,2
59101,2
59103,2
59104,2
59106,18
59110,3
59112,7
59118,2
59119,3
59122,49
59128,2
59130,3
59131,6
59135,3
59136,2
59139,19
59142,2
59146,2
59149,2
59151,2
59152,13
59153,16
59155,11
59156,2
59157,2
59160,2
59163,12
59165,8
59168,6
59170,45
59172,22
59173,2
59178,63
59182,3
59183,92
59187,2
59189,2
59190,2
59193,2
59195,9
59196,7
59201,2
59202,2
59206,2
59207,4
59208,2
59212,8
59220,12
59221,4
59222,2
59225,15
59227,2
59228,5
59230,2
59231,2
59232,1
59234,18
59239,2
59244,1
59247,2
59249,26
59250,2
59252,2
59253,2
59256,18
59257,2
59264,2
59268,11
59273,2
59275,2
59278,2
59279,1
59281,2
59282,3
59283,1
59286,6
59289,2
59291,2
59293,2
59295,57
59299,8
59301,2
59303,2
59307,2
59309,5
59310,2
59314,2
59316,2
59318,2
59320,14
59321,2
59323,1
59324,7
59328,13
59329,3
59331,4
59332,2
59338,4
59339,6
59343,92
59344,2
59345,2
59346,60
59350,173
59352,4
59353,1
59356,2
59357,1
59358,1
59360,28
59361,6
59365,6
59367,9
59368,33
59369,2
59370,2
59375,2
59378,40
59383,29
59384,2
59385,2
59388,2
59390,2
59392,25
59400,2
59401,7
59406,2
59410,4
59414,2
59416,6
59423,3
59424,2
59426,42
59431,4
59437,2
59439,2
59442,2
59447,18
59449,4
59453,2
59454,1
59456,4
59458,2
59459,21
59466,2
59467,2
59470,2
59473,6
59475,4
59476,4
59478,4
59481,3
59483,2
59484,4
59485,2
59487,2
59488,2
59489,2
59491,4
59495,2
59497,3
59499,3
59501,2
59507,54
59508,27
59509,4
59512,20
59514,2
59515,12
59522,2
59523,5
59524,4
59526,8
59535,3
59536,2
59542,2
59543,2
59544,11
59546,3
59550,2
59557,2
59559,2
59560,55
59564,17
59566,14
59569,28
59570,4
59571,10
59574,13
59578,3
59580,15
59581,3
59585,2
59588,4
59589,4
59590,2
59598,2
59599,43
59602,2
59603,19
59606,40
59608,2
59609,2
59611,2
59616,10
59617,2
59619,1
59624,2
59627,2
59629,2
59639,2
59643,2
59646,36
59647,6
59650,16
59653,2
59654,6
59660,2
59662,4
59663,10
59664,3
59669,1
59670,2
60007,2
60009,4
60010,2
60012,2
60017,2
60022,2
60025,4
60029,2
60030,2
60041,2
60057,75
60060,10
60068,2
60069,2
60086,2
60088,2
60102,2
60103,2
60104,6
60106,2
60107,2
60116,10
60138,4
60139,10
60141,18
60142,2
60143,4
60150,4
60151,4
60155,2
60156,2
60157,4
60159,16
60164,2
60167,2
60172,2
60175,8
60176,14
60178,8
60206,4
60213,2
60223,4
60225,2
60233,2
60234,4
60238,2
60239,2
60241,2
60245,2
60253,2
60265,2
60277,2
60282,19
60286,6
60291,2
60299,8
60313,2
60321,2
60325,4
60327,2
60330,2
60333,2
60338,8
60341,12
60343,2
60346,8
60350,6
60363,2
60368,2
60369,3
60370,6
60374,4
60382,6
60383,2
60387,2
60392,2
60393,7
60395,8
60398,4
60403,2
60414,4
60439,2
60446,8
60448,2
60450,6
60451,2
60452,2
60454,2
60462,2
60463,6
60471,12
60482,4
60491,2
60494,4
60500,4
60505,2
60507,2
60508,2
60509,28
60513,2
60523,2
60524,2
60533,27
60537,18
60570,2
60575,17
60577,4
60579,2
60581,16
60584,6
60589,25
60598,2
60609,2
60612,21
60616,2
60623,2
60628,2
60631,2
60636,16
60638,6
60639,11
60641,2
60643,2
60644,2
60645,4
60646,2
60655,2
60665,28
60667,2
60670,2
60681,2
60684,9
60686,2
60700,2
60703,2
61001,1
61006,8
61077,9
61117,16
61145,8
61167,1
61168,30
61169,13
61176,3
61216,4
61332,1
61360,3
61391,3
61456,5
61461,8
61497,14
61508,4
62004,2
62014,26
62037,6
62038,4
62040,24
62041,45
62044,5
62045,5
62048,6
62049,2
62050,4
62051,16
62057,4
62063,2
62065,12
62080,9
62083,4
62099,19
62100,4
62107,3
62108,30
62119,53
62126,3
62128,1
62139,10
62148,3
62152,1
62160,18
62178,26
62186,6
62193,63
62194,6
62215,14
62217,2
62224,6
62235,2
62239,68
62249,2
62250,2
62252,2
62254,2
62261,17
62263,6
62265,2
62268,6
62269,2
62270,4
62274,7
62276,2
62279,5
62288,2
62289,2
62295,2
62297,2
62300,4
62318,9
62325,2
62336,2
62338,2
62350,3
62351,2
62355,4
62356,2
62361,2
62364,8
62366,2
62367,2
62369,2
62371,3
62376,4
62377,2
62390,1
62397,14
62412,2
62421,8
62423,2
62427,26
62436,8
62443,2
62447,8
62452,2
62454,2
62457,4
62458,2
62461,2
62463,2
62473,2
62480,2
62489,2
62491,2
62498,10
62502,2
62506,2
62510,50
62512,1
62516,2
62520,2
62523,3
62525,29
62528,6
62534,30
62543,2
62548,7
62549,4
62550,4
62560,2
62563,2
62570,2
62571,6
62573,2
62584,2
62587,2
62604,6
62617,16
62618,2
62624,7
62637,6
62643,6
62645,4
62652,2
62654,2
62667,6
62676,2
62681,2
62684,2
62686,2
62688,8
62691,2
62699,4
62718,12
62721,2
62724,4
62727,2
62728,10
62736,2
62737,2
62743,2
62744,6
62746,4
62750,10
62753,7
62754,8
62755,23
62757,25
62758,16
62760,2
62765,28
62767,8
62770,2
62771,4
62772,2
62773,9
62794,4
62801,6
62811,4
62817,4
62819,2
62820,6
62826,36
62842,2
62846,6
62847,8
62849,4
62863,8
62865,7
62873,10
62875,2
62887,2
62893,4
62894,2
62898,2
62899,1
62902,2
62904,2
62908,2
63001,4
63004,2
63006,3
63009,3
63010,3
63014,44
63016,2
63019,3
63026,3
63032,9
63038,10
63040,7
63042,3
63046,3
63047,8
63050,3
63054,3
63055,3
63063,19
63066,3
63069,9
63070,6
63075,10
63077,2
63080,3
63082,6
63093,3
63099,3
63103,3
63113,107
63116,8
63124,10
63125,3
63131,4
63132,3
63141,3
63150,2
63164,11
63165,3
63178,31
63192,3
63193,19
63195,3
63198,12
63206,4
63210,3
63224,8
63231,5
63236,14
63241,3
63245,2
63247,3
63248,2
63254,3
63255,3
63258,2
63263,3
63265,10
63269,3
63270,3
63272,8
63284,13
63287,2
63291,3
63300,21
63305,3
63307,3
63308,3
63311,8
63319,3
63322,3
63338,13
63342,3
63345,6
63352,6
63354,3
63370,6
63380,4
63381,3
63396,1
63397,1
63415,3
63426,5
63430,54
63439,3
63448,3
63454,2
63455,8
63457,3
63458,3
63470,3
64014,2
64024,36
64038,1
64062,2
64102,17
64122,15
64125,10
64127,2
64130,2
64132,3
64160,5
64161,2
64191,1
64209,2
64238,8
64260,14
64284,6
64300,12
64335,27
64348,13
64373,2
64410,6
64422,16
64430,4
64431,4
64445,9
64483,54
64495,4
64499,1
64504,3
64519,12
64530,2
64545,14
65007,2
65017,2
65025,9
65031,2
65032,2
65045,1
65047,8
65059,6
65069,2
65072,2
65100,2
65106,2
65127,2
65129,2
65138,4
65148,2
65183,2
65192,6
65195,2
65199,2
65218,1
65223,2
65226,2
65235,14
65251,2
65258,5
65264,1
65282,2
65286,27
65287,2
65295,6
65304,2
65320,2
65331,6
65340,4
65362,4
65369,2
65370,2
65375,2
65388,6
65389,2
65405,2
65407,2
65415,2
65417,21
65433,2
65440,73
65452,4
65460,10
65465,2
65481,4
66003,2
66004,4
66008,26
66009,2
66011,2
66012,2
66014,2
66015,12
66016,3
66017,12
66020,2
66021,2
66024,5
66025,2
66028,8
66030,2
66037,27
66038,6
66046,2
66048,2
66049,2
66050,36
66053,6
66057,2
66059,2
66062,2
66065,4
66069,2
66075,2
66081,2
66088,8
66094,3
66096,2
66106,2
66107,2
66115,2
66118,2
66119,2
66124,2
66125,2
66133,4
66136,98
66138,2
66140,2
66141,7
66144,2
66147,2
66149,2
66153,2
66160,4
66164,6
66167,2
66171,10
66172,2
66174,2
66175,2
66176,2
66178,2
66179,2
66180,6
66182,4
66186,1
66187,2
66188,2
66189,5
66190,2
66194,1
66195,2
66196,2
66198,2
66205,2
66210,10
66212,4
66213,2
66217,2
66218,2
66222,4
66224,2
66227,2
66228,2
66230,2
67001,2
67008,2
67010,4
67016,2
67019,2
67021,6
67022,2
67028,2
67029,1
67033,11
67043,25
67049,2
67061,2
67065,2
67067,29
67073,6
67080,2
67084,2
67098,2
67101,2
67106,14
67108,2
67112,22
67117,14
67118,8
67119,2
67124,22
67125,1
67127,2
67128,2
67129,8
67130,7
67131,8
67133,2
67137,2
67140,2
67148,3
67151,6
67152,5
67168,2
67176,4
67180,22
67182,2
67194,8
67204,26
67212,2
67218,20
67222,6
67231,2
67234,8
67237,2
67239,8
67246,2
67247,2
67256,3
67265,2
67267,9
67268,2
67281,10
67282,4
67283,4
67298,1
67300,24
67302,2
67309,6
67311,2
67313,4
67314,2
67320,4
67324,14
67325,2
67326,2
67334,1
67340,2
67342,2
67343,4
67345,2
67348,12
67350,2
67356,2
67362,8
67363,2
67365,20
67371,2
67372,3
67377,4
67378,2
67388,5
67389,3
67401,3
67405,2
67409,2
67410,2
67411,6
67416,2
67418,2
67429,2
67434,12
67437,12
67447,43
67458,4
67462,43
67471,22
67472,8
67473,2
67474,4
67476,2
67478,2
67480,2
67482,286
67495,8
67498,1
67505,1
67506,4
67519,2
67520,16
67538,1
67544,2
67548,8
67551,5
67554,2
68004,2
68021,2
68028,2
68038,16
68042,9
68059,12
68060,3
68061,2
68063,30
68066,23
68078,2
68082,2
68090,2
68091,2
68112,3
68115,2
68126,4
68129,2
68135,2
68142,2
68145,3
68146,6
68149,9
68154,50
68155,6
68156,8
68159,2
68163,2
68166,16
68175,2
68195,6
68203,2
68223,4
68224,105
68226,10
68227,2
68231,2
68252,3
68258,2
68269,4
68271,2
68277,7
68286,2
68287,6
68295,6
68297,45
68298,2
68300,18
68309,2
68315,5
68318,4
68321,16
68334,3
68343,6
68349,2
68364,2
68372,1
68374,11
69005,3
69006,4
69009,3
69013,11
69019,5
69023,2
69024,5
69027,16
69029,7
69034,5
69040,6
69043,7
69044,2
69055,24
69064,6
69066,2
69072,6
69077,8
69080,4
69081,7
69084,1
69089,19
69091,2
69092,12
69096,4
69111,1
69115,3
69116,22
69117,3
69136,2
69149,1
69152,6
69157,4
69179,5
69190,2
69194,2
69199,12
69202,2
69204,12
69206,4
69214,2
69235,5
69242,8
69243,4
69244,4
69250,4
69256,32
69259,73
69260,2
69264,47
69266,16
69269,1
69270,4
69271,3
69272,9
69273,1
69275,5
69277,10
69278,1
69279,6
69286,16
69288,10
69290,49
69291,2
69294,8
69296,1
69299,6
69382,3
69383,27
69384,10
69385,1
69387,17
69388,8
69389,42
69800,1
70026,2
70120,2
70122,2
70128,4
70165,6
70171,2
70177,4
70198,2
70206,4
70207,2
70227,2
70228,2
70255,2
70261,6
70279,12
70282,2
70285,6
70292,2
70310,18
70311,11
70313,4
70334,2
70339,2
70357,2
70388,2
70408,2
70414,2
70421,2
70428,6
70447,6
70451,2
70467,2
70478,2
70513,2
70526,2
70550,23
70561,2
71009,2
71014,6
71015,2
71018,2
71040,2
71047,2
71059,4
71070,2
71073,2
71074,2
71076,65
71079,2
71090,10
71106,2
71118,8
71120,2
71122,2
71133,2
71137,2
71149,2
71150,21
71153,4
71155,2
71158,2
71176,6
71177,10
71178,2
71182,4
71190,2
71192,2
71204,17
71209,2
71212,2
71215,2
71221,2
71223,4
71230,2
71238,2
71263,4
71267,6
71269,4
71270,18
71275,2
71289,2
71294,2
71306,17
71310,7
71320,2
71342,14
71351,2
71360,4
71371,4
71372,2
71383,24
71384,16
71385,2
71389,2
71392,2
71394,4
71417,2
71419,5
71442,2
71445,15
71456,2
71470,1
71475,2
71479,2
71485,1
71495,2
71497,10
71520,2
71540,4
71543,11
71545,2
71566,6
71574,1
71581,2
71583,4
72003,2
72006,24
72008,10
72020,1
72029,6
72058,4
72061,2
72071,4
72118,2
72124,6
72129,2
72138,2
72139,2
72154,6
72168,4
72173,1
72180,2
72181,94
72225,2
72228,12
72260,4
72264,18
72278,6
72280,1
72294,2
72295,12
72300,2
72320,17
72328,13
72334,2
72336,5
72337,2
72346,6
72364,2
72375,12
72386,4
73006,5
73007,2
73008,2
73010,2
73011,28
73015,20
73024,2
73029,2
73030,4
73031,35
73051,19
73064,6
73065,24
73068,2
73071,3
73079,12
73081,5
73087,2
73089,2
73094,3
73098,2
73103,12
73117,2
73119,6
73128,15
73132,6
73146,2
73151,4
73155,2
73162,1
73171,4
73176,3
73179,32
73181,6
73182,8
73197,2
73204,10
73212,1
73213,43
73215,2
73218,2
73222,10
73225,2
73226,1
73227,2
73236,2
73248,5
73249,24
73250,2
73257,53
73270,2
73290,2
73296,28
73300,2
73307,4
73329,12
74001,2
74002,2
74005,2
74009,2
74010,113
74012,29
74013,24
74014,10
74016,8
74019,6
74025,2
74026,4
74031,2
74037,4
74040,17
74042,10
74043,10
74055,1
74056,34
74058,2
74062,2
74063,6
74064,2
74067,9
74068,2
74070,2
74080,10
74081,14
74082,5
74085,2
74089,2
74094,2
74096,2
74102,2
74103,3
74104,2
74105,8
74108,2
74112,21
74118,12
74119,14
74121,2
74123,6
74128,2
74133,13
74134,3
74136,4
74137,10
74138,2
74140,2
74143,4
74147,2
74153,2
74154,6
74157,2
74159,2
74160,2
74161,2
74163,3
74164,4
74169,4
74171,2
74173,18
74176,4
74184,2
74185,2
74189,2
74191,4
74195,4
74201,4
74208,14
74210,2
74211,2
74212,2
74213,13
74215,2
74218,2
74220,4
74224,8
74225,13
74228,2
74229,2
74232,2
74236,2
74237,2
74238,2
74239,2
74241,4
74242,10
74243,20
74249,2
74250,8
74256,22
74258,2
74263,2
74264,7
74267,12
74269,2
74272,8
74273,2
74275,7
74276,4
74278,4
74280,4
74281,8
74282,5
74288,14
74290,2
74293,2
74298,2
74299,2
74303,5
74305,32
74309,2
74311,2
74312,2
74314,2
74315,2
75101,107
75102,82
75103,43
75104,115
75105,125
75106,140
75107,159
75108,1096
75109,128
75110,418
75111,137
75112,188
75113,202
75114,89
75115,298
75116,501
75117,231
75118,119
75119,156
75120,141
76005,2
76017,2
76057,38
76095,2
76103,9
76108,4
76115,8
76116,2
76131,2
76143,3
76157,10
76165,10
76178,2
76196,11
76212,8
76216,3
76217,28
76219,1
76222,4
76231,6
76237,2
76238,4
76252,4
76259,24
76273,2
76296,4
76305,16
76312,8
76313,2
76319,2
76322,12
76329,24
76341,14
76351,147
76354,2
76357,2
76366,7
76367,2
76377,4
76391,2
76400,4
76402,4
76410,8
76414,4
76429,6
76436,2
76447,14
76451,37
76453,1
76457,2
76460,4
76462,10
76465,8
76474,2
76475,7
76481,8
76484,4
76497,7
76498,8
76513,2
76516,4
76540,72
76545,8
76552,8
76558,22
76560,2
76561,2
76565,4
76575,28
76594,3
76599,2
76600,26
76608,2
76614,2
76617,3
76631,2
76636,2
76640,9
76647,4
76657,2
76681,29
76705,34
76709,2
76711,5
76717,2
76721,3
76728,6
76750,2
76758,42
76759,2
77001,22
77003,4
77005,4
77008,4
77014,8
77016,4
77018,10
77019,4
77022,4
77025,4
77027,2
77030,4
77031,4
77032,4
77033,4
77036,4
77039,4
77040,8
77042,4
77043,4
77045,4
77046,4
77047,4
77051,4
77053,6
77054,4
77057,4
77058,68
77059,2
77065,8
77066,4
77067,23
77069,4
77070,4
77072,4
77073,4
77076,4
77083,12
77088,4
77089,2
77095,4
77096,4
77099,4
77100,8
77101,4
77102,4
77103,4
77106,4
77107,4
77108,10
77109,4
77111,52
77116,4
77118,30
77122,34
77125,2
77126,4
77131,21
77132,5
77135,4
77139,8
77140,4
77142,14
77143,4
77144,4
77146,18
77147,8
77148,4
77152,6
77153,4
77155,4
77159,6
77164,4
77165,4
77169,5
77171,1
77172,8
77178,4
77179,4
77182,4
77183,2
77184,4
77186,6
77187,4
77188,4
77191,4
77192,17
77194,12
77196,4
77208,4
77210,2
77212,4
77214,4
77219,4
77226,2
77227,4
77229,4
77232,4
77233,4
77235,4
77238,10
77243,2
77244,4
77249,4
77251,2
77252,4
77253,4
77255,4
77257,4
77260,4
77266,4
77268,24
77269,4
77270,4
77272,4
77273,4
77276,14
77278,2
77279,4
77282,24
77284,45
77285,6
77288,11
77291,42
77294,30
77296,4
77300,4
77301,4
77302,4
77303,4
77305,20
77306,2
77307,15
77308,4
77309,4
77310,4
77311,4
77316,4
77317,2
77318,4
77322,4
77326,4
77327,10
77330,2
77333,18
77335,4
77336,4
77338,4
77339,4
77341,4
77345,4
77348,4
77350,4
77352,2
77357,4
77359,4
77360,4
77361,4
77365,4
77368,4
77369,2
77373,88
77377,4
77378,13
77379,13
77382,6
77384,40
77385,8
77386,4
77388,4
77389,5
77390,10
77398,4
77403,4
77405,4
77407,1
77410,4
77426,4
77428,4
77431,4
77432,4
77433,4
77435,4
77437,4
77438,18
77439,4
77442,8
77443,4
77445,7
77447,12
77450,42
77451,2
77453,4
77455,4
77456,4
77457,4
77458,4
77459,4
77468,6
77469,4
77475,4
77477,4
77478,16
77480,4
77482,6
77486,4
77487,9
77490,2
77493,4
77495,26
77501,4
77508,4
77512,4
77513,4
77514,8
77516,4
77517,4
77518,14
77519,4
77522,4
77524,4
77527,4
77528,4
77531,4
77533,2
77534,5
78005,11
78007,2
78010,2
78015,4
78029,20
78030,4
78033,2
78034,2
78043,4
78053,6
78062,12
78070,4
78071,2
78073,14
78077,2
78087,2
78089,17
78090,2
78092,10
78117,18
78118,27
78120,4
78123,6
78125,2
78126,2
78128,2
78133,6
78138,4
78143,2
78146,2
78158,40
78160,6
78162,2
78164,2
78165,4
78168,14
78171,2
78172,16
78185,2
78189,2
78192,2
78193,2
78206,9
78208,30
78209,2
78217,4
78220,6
78224,2
78227,2
78230,2
78233,2
78238,15
78239,2
78246,2
78255,4
78262,2
78267,2
78269,4
78281,2
78291,2
78296,6
78297,17
78300,2
78307,2
78311,10
78314,2
78317,2
78321,8
78322,12
78327,4
78334,1
78335,37
78349,12
78350,4
78354,6
78356,2
78361,45
78362,10
78366,4
78367,4
78368,1
78372,4
78380,4
78382,2
78383,24
78389,2
78396,4
78397,8
78398,8
78401,6
78402,4
78403,2
78406,2
78418,10
78420,2
78423,23
78431,28
78440,8
78442,4
78455,4
78464,2
78466,6
78470,2
78478,2
78481,4
78486,6
78490,22
78497,2
78498,10
78499,2
78501,2
78502,17
78516,2
78517,46
78522,8
78528,4
78531,19
78537,6
78545,20
78548,2
78551,36
78557,2
78561,2
78562,4
78567,2
78571,6
78575,6
78586,23
78590,2
78591,4
78601,2
78609,2
78615,2
78616,6
78620,2
78621,8
78623,6
78624,4
78638,4
78640,89
78642,4
78643,4
78644,6
78646,33
78650,6
78655,2
78668,4
78674,6
78683,4
78688,8
79001,2
79003,8
79005,4
79012,2
79013,2
79018,2
79024,8
79031,2
79034,9
79038,2
79048,6
79049,30
79056,2
79062,4
79066,2
79079,4
79080,6
79081,14
79083,4
79088,4
79100,2
79101,4
79103,2
79109,6
79116,2
79117,14
79120,2
79122,2
79123,2
79131,2
79136,2
79140,2
79145,2
79157,2
79160,2
79162,2
79172,2
79174,20
79176,2
79179,2
79191,118
79195,4
79196,4
79201,40
79202,10
79203,2
79208,2
79216,2
79236,2
79239,2
79257,2
79259,1
79268,2
79270,4
79285,2
79289,2
79293,2
79295,2
79299,4
79311,2
79313,2
79326,2
79329,24
79339,2
79345,2
79350,2
79351,16
79355,8
80001,40
80003,2
80009,2
80010,4
80011,2
80013,4
80016,11
80021,107
80025,2
80031,2
80033,28
80062,2
80066,2
80070,2
80071,2
80086,2
80109,2
80110,4
80126,2
80131,10
80149,3
80160,2
80164,5
80168,2
80182,7
80186,2
80204,2
80205,2
80211,2
80212,8
80222,2
80227,9
80228,6
80241,2
80246,2
80253,4
80261,4
80262,4
80279,2
80288,2
80293,2
80303,1
80308,6
80312,2
80314,2
80315,2
80316,2
80318,4
80331,2
80333,7
80360,2
80364,2
80368,4
80373,4
80375,2
80379,4
80385,2
80406,2
80410,4
80415,2
80417,2
80427,2
80443,2
80446,2
80484,2
80485,2
80486,2
80488,4
80489,20
80523,2
80530,2
80533,5
80536,2
80542,2
80549,2
80554,2
80561,6
80570,4
80579,6
80584,2
80585,4
80598,2
80600,2
80606,2
80613,2
80620,7
80622,2
80625,2
80630,4
80634,2
80635,4
80639,4
80649,4
80650,2
80656,2
80674,15
80677,2
80680,2
80685,14
80688,10
80692,8
80693,2
80696,2
80702,2
80706,2
80711,2
80713,2
80714,4
80716,4
80718,2
80721,8
80725,4
80732,2
80752,2
80753,2
80757,2
80779,6
80798,2
80799,8
80801,1
80802,2
80815,2
80820,2
80826,2
80827,4
81003,2
81004,75
81005,2
81010,2
81014,2
81017,2
81021,4
81026,2
81031,2
81032,2
81033,6
81037,2
81038,2
81039,2
81042,3
81043,2
81045,2
81046,2
81048,2
81051,4
81052,2
81060,10
81062,2
81063,2
81064,2
81065,55
81067,2
81069,2
81070,2
81076,2
81081,2
81088,2
81092,4
81093,2
81096,2
81099,4
81104,2
81105,19
81115,2
81117,2
81120,2
81124,4
81128,2
81130,2
81131,4
81132,2
81139,4
81140,16
81144,3
81145,3
81156,2
81163,8
81165,2
81168,2
81170,2
81171,2
81174,2
81182,2
81183,2
81192,2
81193,2
81196,2
81201,2
81202,2
81203,2
81204,2
81209,2
81217,2
81219,6
81220,4
81221,2
81222,4
81225,3
81227,2
81233,2
81235,2
81238,2
81251,2
81257,4
81266,2
81267,2
81270,2
81271,11
81273,6
81276,4
81281,2
81283,2
81284,5
81288,4
81289,2
81295,2
81297,3
81303,2
81305,2
81306,2
81308,2
81311,2
81314,2
81315,2
81316,2
81317,2
81325,3
82002,2
82005,2
82008,2
82013,6
82016,2
82018,2
82022,2
82023,2
82025,26
82026,2
82031,2
82033,14
82035,2
82037,11
82038,2
82042,2
82044,2
82049,2
82050,2
82051,2
82052,2
82059,2
82062,2
82063,2
82072,2
82074,2
82075,4
82076,2
82079,8
82080,2
82087,2
82089,2
82090,2
82093,2
82094,6
82096,2
82097,2
82098,2
82101,2
82108,2
82110,2
82112,8
82113,2
82114,2
82115,2
82117,2
82119,8
82121,53
82123,4
82124,2
82125,5
82126,2
82130,2
82131,2
82132,2
82134,4
82135,2
82137,2
82138,2
82141,2
82143,2
82144,2
82148,2
82149,2
82150,2
82151,2
82155,2
82161,2
82169,26
82171,2
82173,2
82176,2
82178,2
82179,2
82180,2
82182,2
82184,2
82186,10
82187,2
82190,2
83001,2
83002,2
83003,2
83004,22
83007,6
83008,4
83009,4
83010,2
83013,2
83015,2
83016,10
83017,2
83018,2
83019,27
83020,2
83022,2
83023,35
83026,2
83027,2
83028,4
83029,8
83031,2
83032,2
83033,2
83034,8
83035,10
83036,8
83037,2
83038,2
83042,48
83043,4
83044,2
83045,2
83046,2
83047,26
83048,8
83049,5
83050,42
83051,2
83054,4
83055,2
83056,2
83057,14
83059,2
83061,44
83062,79
83063,4
83064,4
83065,5
83067,4
83068,21
83069,76
83070,8
83071,8
83072,6
83073,4
83075,2
83079,4
83081,4
83082,2
83083,2
83085,2
83086,7
83087,2
83088,4
83090,23
83091,2
83092,10
83094,6
83095,2
83096,2
83097,2
83098,16
83099,57
83100,4
83101,28
83103,4
83104,4
83106,6
83107,39
83108,2
83109,2
83110,2
83111,2
83112,8
83115,16
83116,16
83118,25
83119,19
83120,6
83121,5
83122,2
83123,10
83126,30
83127,4
83129,41
83130,6
83131,4
83134,2
83136,2
83137,84
83140,2
83141,20
83142,2
83143,2
83144,34
83145,2
83146,2
83148,18
83152,2
83153,2
83154,4
84003,10
84007,215
84012,5
84017,1
84019,8
84031,27
84035,23
84037,2
84043,3
84044,1
84049,1
84054,13
84055,2
84056,2
84064,4
84067,4
84068,2
84069,2
84071,2
84081,11
84083,36
84087,41
84088,2
84089,20
84091,2
84092,36
84095,2
84096,1
84099,1
84100,1
84106,4
84107,1
84122,2
84128,1
84129,41
84136,1
84137,3
84138,2
84141,4
84142,4
84150,1
85001,2
85002,1
85003,18
85004,6
85008,3
85011,2
85012,6
85014,2
85018,2
85019,10
85020,2
85029,2
85034,2
85035,2
85038,22
85042,2
85046,2
85047,25
85051,7
85059,7
85065,28
85070,2
85081,2
85082,30
85084,11
85089,6
85092,31
85096,2
85100,4
85106,2
85109,36
85113,4
85114,2
85127,4
85128,10
85135,2
85146,17
85151,4
85152,8
85155,28
85156,2
85160,2
85163,4
85164,2
85172,2
85178,6
85182,12
85190,2
85191,55
85194,60
85197,6
85215,6
85216,3
85222,8
85223,8
85226,10
85234,26
85243,6
85280,2
85285,2
85288,9
85294,6
85296,2
85300,2
86007,12
86027,14
86040,3
86041,5
86059,8
86062,10
86066,20
86103,2
86107,2
86115,18
86137,2
86140,4
86153,2
86158,4
86165,2
86177,4
86194,20
86214,10
86249,1
86258,4
86289,2
86293,4
87001,12
87011,6
87019,11
87032,5
87040,2
87050,2
87065,25
87079,3
87085,66
87104,3
87106,6
87111,2
87119,2
87154,25
87182,12
87190,2
87205,17
88011,2
88026,2
88029,6
88065,4
88075,5
88078,4
88079,6
88081,4
88087,4
88090,10
88095,2
88098,4
88099,12
88101,1
88114,4
88115,2
88116,4
88124,2
88134,2
88148,2
88158,21
88160,49
88170,2
88181,2
88196,27
88201,2
88209,38
88218,2
88225,2
88247,2
88253,16
88258,2
88270,2
88289,2
88304,7
88310,2
88319,10
88321,10
88324,8
88327,2
88349,2
88357,2
88364,2
88367,4
88369,2
88371,2
88372,2
88383,2
88393,2
88402,2
88408,4
88409,2
88413,49
88415,4
88423,4
88424,2
88426,2
88429,2
88440,16
88445,2
88463,2
88465,8
88468,4
88470,2
88483,2
88484,1
88486,3
88487,4
88499,2
88500,2
88516,5
88530,4
88531,2
89003,4
89005,4
89007,2
89014,2
89015,4
89018,2
89023,2
89024,49
89025,22
89034,2
89041,2
89046,2
89055,2
89059,2
89063,2
89066,2
89068,7
89073,2
89075,2
89076,2
89077,2
89080,2
89083,2
89085,2
89086,2
89096,2
89100,2
89101,2
89119,2
89122,2
89124,2
89125,2
89130,2
89131,2
89136,2
89139,4
89142,2
89144,2
89148,2
89156,2
89167,2
89169,2
89180,12
89191,2
89195,2
89197,15
89200,2
89201,2
89202,2
89204,4
89206,6
89209,4
89215,2
89218,2
89221,2
89227,2
89228,2
89230,2
89238,4
89239,2
89246,4
89257,4
89263,35
89268,2
89272,4
89273,2
89274,2
89276,2
89279,2
89282,2
89283,2
89287,2
89295,2
89296,2
89298,4
89309,2
89311,2
89313,8
89318,2
89321,2
89324,2
89326,2
89327,2
89332,2
89337,2
89338,13
89342,4
89344,2
89345,8
89346,4
89354,2
89359,2
89364,2
89370,2
89373,2
89378,6
89384,2
89387,51
89388,2
89391,2
89399,2
89404,2
89407,2
89411,4
89413,2
89414,2
89419,4
89420,8
89426,2
89427,2
89438,30
89439,2
89441,2
89446,2
89449,2
89452,2
89459,2
89460,6
89461,30
89464,10
89478,2
89480,2
90001,3
90008,4
90009,4
90010,71
90012,10
90022,4
90032,4
90033,14
90034,5
90039,4
90041,4
90052,4
90068,4
90071,4
90072,4
90075,4
90088,4
90089,4
90093,4
90094,4
91016,8
91021,9
91027,26
91041,7
91044,16
91079,3
91097,17
91111,2
91114,12
91122,2
91161,12
91174,19
91200,6
91201,24
91216,4
91223,20
91228,7
91235,20
91244,5
91272,4
91275,4
91319,4
91326,10
91340,12
91345,4
91347,3
91376,5
91377,9
91386,2
91390,4
91425,2
91432,7
91433,2
91434,2
91479,120
91494,2
91521,4
91525,4
91534,2
91549,22
91553,4
91602,5
91617,10
91648,12
91659,16
91661,24
91665,17
91687,17
91692,31
92002,38
92004,80
92007,5
92012,30
92014,20
92019,36
92020,10
92022,1
92023,30
92025,9
92026,80
92032,16
92033,47
92035,10
92036,60
92040,81
92044,44
92046,2
92047,4
92048,27
92049,44
92050,107
92051,160
92060,32
92062,3
92063,140
92064,11
92071,16
92073,6
92076,4
92078,1
93001,79
93005,46
93006,20
93007,23
93008,21
93013,15
93014,9
93015,5
93027,16
93029,35
93030,45
93031,33
93033,5
93039,5
93045,8
93046,12
93047,4
93048,71
93049,26
93050,32
93051,6
93053,24
93055,31
93059,22
93063,14
93064,27
93066,88
93070,28
93071,29
93072,13
93073,32
93077,10
93078,23
93079,10
94001,5
94002,53
94003,28
94004,10
94011,22
94015,14
94016,21
94017,48
94018,16
94019,48
94021,8
94022,17
94028,49
94034,27
94037,8
94038,38
94041,19
94042,18
94043,2
94044,4
94052,36
94054,72
94055,5
94056,2
94058,10
94060,7
94065,52
94067,20
94068,33
94069,17
94070,16
94071,10
94073,9
94074,8
94075,5
94076,54
94077,5
94078,8
94079,15
94080,55
94081,25
95014,2
95018,16
95019,4
95026,2
95051,1
95063,35
95088,4
95091,4
95101,4
95127,3
95205,6
95210,5
95218,24
95250,2
95268,5
95277,46
95280,24
95288,1
95306,10
95313,4
95323,2
95355,8
95370,6
95394,6
95409,10
95424,2
95430,2
95476,24
95488,10
95500,28
95523,1
95527,45
95539,23
95572,43
95574,4
95580,29
95582,8
95585,10
95598,4
95607,4
95637,16
95641,34
95675,4
97105,1
98805,2
98818,2
